الشهر|رقم_الدعوي|الموضوع|تصنيفات_الأحكام|منطوق_الحكم|العضو
ديسمبر 2024|7073 لسنة 52 ق|وقف تنفيذ وإلغاء قرار نقل.|ترك الخصومة|: بإثبات ترك المدعـي للخصـومة فى الدعـوى.| مصطفى أحمد عبد الفتاح يوسف على
مايو 2025|2288 لسنة 53 ق|إعادة حساب الحوافز والبدلات|أحكام بعدم الإختصــــاص|بعدم إختصاصها نوعيا بنظر الدعوى، وأمرت بإحالتها بحالتها إلى محكمة القضاء الإداري بمحافظة كفر الشيخ ـ الدائرة السادسة والسبعين- للإختصاص، وأبقت الفصل في المصروفات . صدر هذا الحكم وتلي علنا بالجلسة المنعقدة يوم الأحد الموافق| مصطفى أحمد عبد الفتاح يوسف على
إبريل 2025|942 لسنة 53 ق|إعادة حساب الحوافز والبدلات|أحكام بعدم الإختصــــاص|بعدم اختصاصها نوعيا بنظر الدعوى، وأمرت بإحالتها بحالتها إلى محكمة القضاء الإداري بمحافظة كفر الشيخ ـ الدائرة السادسة والسبعين- للاختصاص، وأبقت الفصل في المصروفات . صدر هذا الحكم وتلي علنا بالجلسة المنعقدة يوم الأحد الموافق| مصطفى أحمد عبد الفتاح يوسف على
إبريل 2025|1607 لسنة 53 ق|إعادة حساب الحوافز والبدلات|أحكام بعدم الإختصــــاص|بعدم اختصاصها نوعيا بنظر الدعوى، وأمرت بإحالتها بحالتها إلى محكمة القضاء الإداري بمحافظة كفر الشيخ ـ الدائرة السابعة والسبعون| مصطفى أحمد عبد الفتاح يوسف على
إبريل 2025|1608 لسنة 53 ق|إعادة حساب الحوافز والبدلات|أحكام بعدم الإختصــــاص|بعدم اختصاصها نوعيا بنظر الدعوى، وأمرت بإحالتها بحالتها إلى محكمة القضاء الإداري بمحافظة كفر الشيخ ـ الدائرة السابعة والسبعون| مصطفى أحمد عبد الفتاح يوسف على
نوفمبر 2024|10973 لسنة 52 ق|مكافآة تدريب أطباء الإمتيـــــــــــــــــاز.|أحكام بعدم الإختصــــاص|بعدم إختصاصها نوعيا بنظر الدعوى،وإحالتها بحالتها إلى محكمة القضاء الإداري بكفر الشيخ (الدائرة الرابعة والسبعون) للإختصاص، وأبقت الفصل في المصروفات .| مصطفى أحمد عبد الفتاح يوسف على
نوفمبر 2024|10981 لسنة 52 ق|مكافآة تدريب أطباء الإمتيـــــــــــــــــاز.|أحكام بعدم الإختصــــاص|بعدم إختصاصها نوعيا بنظر الدعوى،وإحالتها بحالتها إلى محكمة القضاء الإداري بكفر الشيخ (الدائرة الرابعة والسبعون) للإختصاص، وأبقت الفصل في المصروفات .| مصطفى أحمد عبد الفتاح يوسف على
نوفمبر 2024|10982 لسنة 52 ق|مكافآة تدريب أطباء الإمتيـــــــــــــــــاز.|أحكام بعدم الإختصــــاص|بعدم إختصاصها نوعيا بنظر الدعوى،وإحالتها بحالتها إلى محكمة القضاء الإداري بكفر الشيخ (الدائرة الرابعة والسبعون) للإختصاص، وأبقت الفصل في المصروفات .| مصطفى أحمد عبد الفتاح يوسف على
نوفمبر 2024|11040 لسنة 52 ق|مكافآة تدريب أطباء الإمتيـــــــــــــــــاز.|أحكام بعدم الإختصــــاص|بعدم إختصاصها نوعيا بنظر الدعوى،وإحالتها بحالتها إلى محكمة القضاء الإداري بكفر الشيخ (الدائرة الرابعة والسبعون) للإختصاص، وأبقت الفصل في المصروفات .| مصطفى أحمد عبد الفتاح يوسف على
نوفمبر 2024|11888 لسنة 52 ق|مكافآة تدريب أطباء الإمتيـــــــــــــــــاز.|أحكام بعدم الإختصــــاص|بعدم إختصاصها نوعيا بنظر الدعوى،وإحالتها بحالتها إلى محكمة القضاء الإداري بكفر الشيخ (الدائرة الرابعة والسبعون) للإختصاص، وأبقت الفصل في المصروفات .| مصطفى أحمد عبد الفتاح يوسف على
نوفمبر 2024|11799 لسنة 52 ق|مكافآة تدريب أطباء الإمتيـــــــــــــــــاز.|أحكام بعدم الإختصــــاص|بعدم إختصاصها نوعيا بنظر الدعوى، وإحالتها بحالتها إلى محكمة القضاء الإداري بكفر الشيخ (الدائرة الرابعة والسبعون) للإختصاص، وأبقت الفصل في المصروفات .| مصطفى أحمد عبد الفتاح يوسف على
نوفمبر 2024|3312 لسنة 52 ق|مكافآة تدريب أطباء الإمتيـــــــــــــــــاز.|أحكام بعدم الإختصــــاص|بعدم إختصاصها نوعيا بنظر الدعوى، وإحالتها بحالتها إلى محكمة القضاء الإداري بكفر الشيخ (الدائرة الرابعة والسبعون) للاختصاص، وأبقت الفصل في المصروفات .| مصطفى أحمد عبد الفتاح يوسف على
نوفمبر 2024|11849 لسنة 52 ق|علاوة مقابل الأعباء الوظيفية.|أحكام بالرفض|بقبول الدعوي شكلًا ،ـ ورفضـــــــــــــها موضوعًا.| مصطفى أحمد عبد الفتاح يوسف على
نوفمبر 2024|11850 لسنة 52 ق|علاوة مقابل الأعباء الوظيفية.|أحكام بالرفض|بقبول الدعوي شكلًا ،ـ ورفضـــــــــــــها موضوعًا.| مصطفى أحمد عبد الفتاح يوسف على
نوفمبر 2024|11947 لسنة 52 ق|علاوة مقابل الأعباء الوظيفية.|أحكام بالرفض|بقبول الدعوي شكلًا ،ـ ورفضـــــــــــــها موضوعًا.| مصطفى أحمد عبد الفتاح يوسف على
نوفمبر 2024|12029 لسنة 52 ق|علاوة مقابل الأعباء الوظيفية.|أحكام بالرفض|بقبول الدعوي شكلًا ،ـ ورفضـــــــــــــها موضوعًا.| مصطفى أحمد عبد الفتاح يوسف على
أكتوبر 2024|10014 لسنة 52 ق|علاوة مقابل الأعباء الوظيفية.|أحكام بالرفض|بقبول الدعوي شكلًا ،ـ ورفضـــــــــــــها موضوعًا.| مصطفى أحمد عبد الفتاح يوسف على
أكتوبر 2024|10015 لسنة 52 ق|علاوة مقابل الأعباء الوظيفية.|أحكام بالرفض|بقبول الدعوي شكلًا ،ـ ورفضـــــــــــــها موضوعًا.| مصطفى أحمد عبد الفتاح يوسف على
أكتوبر 2024|10017 لسنة 52 ق|علاوة مقابل الأعباء الوظيفية.|أحكام بالرفض|بقبول الدعوي شكلًا ،ـ ورفضـــــــــــــها موضوعًا.| مصطفى أحمد عبد الفتاح يوسف على
أكتوبر 2024|10018 لسنة 52 ق|علاوة مقابل الأعباء الوظيفية.|أحكام بالرفض|بقبول الدعوي شكلًا ،ـ ورفضـــــــــــــها موضوعًا.| مصطفى أحمد عبد الفتاح يوسف على
يناير 2025|146 لسنة 53 ق|علاوة مقابل الأعباء الوظيفية.|أحكام بالرفض|بقبول الدعوى شكلا ،ورفضها موضوعا،وألزمت المدعي المصروفات .| مصطفى أحمد عبد الفتاح يوسف على
فبراير 2025|731 لسنة 53 ق|علاوة مقابل الأعباء الوظيفية.|أحكام بعدم الإختصــــاص|بعدم اختصاصها نوعيا بنظر الدعوى، وأمرت بإحالتها بحالتها إلى محكمة القضاء الإداري بمحافظة كفر الشيخ ـ الدائرة السابعة والسبعون| مصطفى أحمد عبد الفتاح يوسف على
فبراير 2025|754 لسنة 53 ق|علاوة مقابل الأعباء الوظيفية.|أحكام بعدم الإختصــــاص|بعدم اختصاصها نوعيا بنظر الدعوى، وأمرت بإحالتها بحالتها إلى محكمة القضاء الإداري بمحافظة كفر الشيخ ـ الدائرة السابعة والسبعون| مصطفى أحمد عبد الفتاح يوسف على
فبراير 2025|932 لسنة 53 ق|علاوة مقابل الأعباء الوظيفية.|أحكام بعدم الإختصــــاص|بعدم اختصاصها نوعيا بنظر الدعوى، وأمرت بإحالتها بحالتها إلى محكمة القضاء الإداري بمحافظة كفر الشيخ ـ الدائرة السابعة والسبعون| مصطفى أحمد عبد الفتاح يوسف على
فبراير 2025|940 لسنة 53 ق|علاوة مقابل الأعباء الوظيفية.|أحكام بعدم الإختصــــاص|بعدم اختصاصها نوعيا بنظر الدعوى، وأمرت بإحالتها بحالتها إلى محكمة القضاء الإداري بمحافظة كفر الشيخ ـ الدائرة السابعة والسبعون| مصطفى أحمد عبد الفتاح يوسف على
يونيو 2025|2630 لسنة 53 ق|علاوة- حافز الحد الأدني للأجور.||بقبول الدعوي شكلًا ، وبالأحقـــية.| مصطفى أحمد عبد الفتاح يوسف على
يوليو 2025|9694 لسنة 52 ق|عدم الاعتداد بقرار ساحب|أحكام بالأحقية / الإلــــغا|ــــــ| مصطفى أحمد عبد الفتاح يوسف على
نوفمبر 2024|10777 لسنة 52 ق|ضم مدة الخبرة العملية.|أحكام بالرفض|بقبول الدعوي شكلًا ،ـ ورفضـــــــــــــها موضوعًا.| مصطفى أحمد عبد الفتاح يوسف على
يناير 2025|209 لسنة 53 ق|ضم مدة الخبرة العملية.|أحكام بالأحقية / الإلــــغاء|بقبول الدعوي شكلًا ، وبالأحقـــية.| مصطفى أحمد عبد الفتاح يوسف على
مايو 2025|2001 لسنة 53 ق|ضم مدة الخبرة العملية.||بقبول الدعوي شكلًا ، وبالأحقـــية.| مصطفى أحمد عبد الفتاح يوسف على
يونيو 2025|2482 لسنة 53 ق|ضم مدة الخبرة العملية.||بقبول الدعوي شكلًا ، وبالأحقـــية.| مصطفى أحمد عبد الفتاح يوسف على
ديسمبر 2024|12133 لسنة 52 ق|زيادة المقابل النقدي للحوافز بالقرار 666 لسنة 2020م|أحكام بالأحقية / الإلــــغاء|بقبول الدعوي شكلًا ، وبالأحقـــية.| مصطفى أحمد عبد الفتاح يوسف على
ديسمبر 2024|12470 لسنة 52 ق|زيادة المقابل النقدي للحوافز بالقرار 666 لسنة 2020م|أحكام بالأحقية / الإلــــغاء|بقبول الدعوي شكلًا ، وبالأحقـــية.| مصطفى أحمد عبد الفتاح يوسف على
ديسمبر 2024|12536 لسنة 52 ق|زيادة المقابل النقدي للحوافز بالقرار 666 لسنة 2020م|أحكام بالأحقية / الإلــــغاء|بقبول الدعوي شكلًا ، وبالأحقـــية.| مصطفى أحمد عبد الفتاح يوسف على
ديسمبر 2024|12607 لسنة 52 ق|زيادة المقابل النقدي للحوافز بالقرار 666 لسنة 2020م|أحكام بالأحقية / الإلــــغاء|بقبول الدعوي شكلًا ، وبالأحقـــية.| مصطفى أحمد عبد الفتاح يوسف على
ديسمبر 2024|12636 لسنة 52 ق|زيادة المقابل النقدي للحوافز بالقرار 666 لسنة 2020م|أحكام بالأحقية / الإلــــغاء|بقبول الدعوي شكلًا ، وبالأحقـــية.| مصطفى أحمد عبد الفتاح يوسف على
يناير 2025|134 لسنة 53 ق|زيادة المقابل النقدي للحوافز بالقرار 666 لسنة 2020م|أحكام بالأحقية / الإلــــغاء|بقبول الدعوي شكلًا ، وبالأحقـــية.| مصطفى أحمد عبد الفتاح يوسف على
يناير 2025|135 لسنة 53 ق|زيادة المقابل النقدي للحوافز بالقرار 666 لسنة 2020م|أحكام بالأحقية / الإلــــغاء|بقبول الدعوي شكلًا ، وبالأحقـــية.| مصطفى أحمد عبد الفتاح يوسف على
يناير 2025|136 لسنة 53 ق|زيادة المقابل النقدي للحوافز بالقرار 666 لسنة 2020م|أحكام بالأحقية / الإلــــغاء|بقبول الدعوي شكلًا ، وبالأحقـــية.| مصطفى أحمد عبد الفتاح يوسف على
يناير 2025|137 لسنة 53 ق|زيادة المقابل النقدي للحوافز بالقرار 666 لسنة 2020م|أحكام بالأحقية / الإلــــغاء|بقبول الدعوي شكلًا ، وبالأحقـــية.| مصطفى أحمد عبد الفتاح يوسف على
يناير 2025|138 لسنة 53 ق|زيادة المقابل النقدي للحوافز بالقرار 666 لسنة 2020م|أحكام بالأحقية / الإلــــغاء|بقبول الدعوي شكلًا ، وبالأحقـــية.| مصطفى أحمد عبد الفتاح يوسف على
يناير 2025|139 لسنة 53 ق|زيادة المقابل النقدي للحوافز بالقرار 666 لسنة 2020م|أحكام بالأحقية / الإلــــغاء|بقبول الدعوي شكلًا ، وبالأحقـــية.| مصطفى أحمد عبد الفتاح يوسف على
يناير 2025|140 لسنة 53 ق|زيادة المقابل النقدي للحوافز بالقرار 666 لسنة 2020م|أحكام بالأحقية / الإلــــغاء|بقبول الدعوي شكلًا ، وبالأحقـــية.| مصطفى أحمد عبد الفتاح يوسف على
يناير 2025|152 لسنة 53 ق|زيادة المقابل النقدي للحوافز بالقرار 666 لسنة 2020م|أحكام بالأحقية / الإلــــغاء|بقبول الدعوي شكلًا ، وبالأحقـــية.| مصطفى أحمد عبد الفتاح يوسف على
نوفمبر 2024|11736 لسنة 52 ق|زيادة المقابل النقدي للحوافز بالقرار 666 لسنة 2020م|أحكام بالأحقية / الإلــــغاء|بقبول الدعوي شكلًا ، وبالأحقـــية.| مصطفى أحمد عبد الفتاح يوسف على
نوفمبر 2024|11737 لسنة 52 ق|زيادة المقابل النقدي للحوافز بالقرار 666 لسنة 2020م|أحكام بالأحقية / الإلــــغاء|بقبول الدعوي شكلًا ، وبالأحقـــية.| مصطفى أحمد عبد الفتاح يوسف على
نوفمبر 2024|11738 لسنة 52 ق|زيادة المقابل النقدي للحوافز بالقرار 666 لسنة 2020م|أحكام بالأحقية / الإلــــغاء|بقبول الدعوي شكلًا ، وبالأحقـــية.| مصطفى أحمد عبد الفتاح يوسف على
نوفمبر 2024|11760 لسنة 52 ق|زيادة المقابل النقدي للحوافز بالقرار 666 لسنة 2020م|أحكام بالأحقية / الإلــــغاء|بقبول الدعوي شكلًا ، وبالأحقـــية.| مصطفى أحمد عبد الفتاح يوسف على
نوفمبر 2024|11761 لسنة 52 ق|زيادة المقابل النقدي للحوافز بالقرار 666 لسنة 2020م|أحكام بالأحقية / الإلــــغاء|بقبول الدعوي شكلًا ، وبالأحقـــية.| مصطفى أحمد عبد الفتاح يوسف على
أكتوبر 2024|10548 لسنة 52 ق|زيادة المقابل النقدي للحوافز بالقرار 666 لسنة 2020م|أحكام بالأحقية / الإلــــغاء|بقبول الدعوي شكلًا ، وبالأحقـــية.| مصطفى أحمد عبد الفتاح يوسف على
يوليو 2025|2971 لسنة 53 ق|زيادة المقابل النقدي للحوافز بالقرار 666 لسنة 2020م|أحكام بالأحقية / الإلــــغاء|بقبول الدعوي شكلًا ، وبالأحقـــية.| مصطفى أحمد عبد الفتاح يوسف على
ديسمبر 2024|12466 لسنة 52 ق|زيادة المقابل النقدي للحوافز بالقرار 666 لسنة 2020م|أحكام بعدم الإختصــــاص|بعدم اختصاصها نوعيا بنظر الدعوى، وأمرت بإحالتها بحالتها إلى محكمة القضاء الإداري بمحافظة كفر الشيخ ـ الدائرة السابعة والسبعون| مصطفى أحمد عبد الفتاح يوسف على
ديسمبر 2024|12472 لسنة 52 ق|زيادة المقابل النقدي للحوافز بالقرار 666 لسنة 2020م|أحكام بعدم الإختصــــاص|بعدم اختصاصها نوعيا بنظر الدعوى، وأمرت بإحالتها بحالتها إلى محكمة القضاء الإداري بمحافظة كفر الشيخ ـ الدائرة السابعة والسبعون| مصطفى أحمد عبد الفتاح يوسف على
يونيو 2025|2669 لسنة 53 ق|رصيد إجازات|أحكام تمهيدية|تمهيديا – وقبل الفصل في شكل وموضوع الدعوى - بإحالةالدعـــوى إلى مكتب خبراء وزارة العدل بكفر الشيخ.| مصطفى أحمد عبد الفتاح يوسف على
فبراير 2025|9750 لسنة 52 ق|رصيد إجازات|أحكام بالأحقية / الإلــــغاء|بقبول الدعوي شكلًا ، وبالأحقـــية.| مصطفى أحمد عبد الفتاح يوسف على
فبراير 2025|12765 لسنة 52 ق|رصيد إجازات||بقبول الدعوي شكلًا ، وبالأحقـــية.| مصطفى أحمد عبد الفتاح يوسف على
أكتوبر 2024|10157 لسنة 52 ق|حافز التربيـــــــــــــة الخاصة.|أحكام بالأحقية / الإلــــغاء|بقبول الدعوي شكلًا ، وبالأحقـــية.| مصطفى أحمد عبد الفتاح يوسف على
أكتوبر 2024|9794 لسنة 52 ق|حافز الإثابة بنسبة 25% (تعليم)|أحكام بالرفض|بقبول الدعوى شكلا ،ورفضها موضوعا، وألزمت المدعية المصروفات.| مصطفى أحمد عبد الفتاح يوسف على
أكتوبر 2024|9795 لسنة 52 ق|حافز الإثابة بنسبة 25% (تعليم)|أحكام بالرفض|بقبول الدعوى شكلا ،ورفضها موضوعا، وألزمت المدعية المصروفات.| مصطفى أحمد عبد الفتاح يوسف على
أكتوبر 2024|9796 لسنة 52 ق|حافز الإثابة بنسبة 25% (تعليم)|أحكام بالرفض|بقبول الدعوى شكلا ،ورفضها موضوعا، وألزمت المدعية المصروفات.| مصطفى أحمد عبد الفتاح يوسف على
أكتوبر 2024|9798 لسنة 52 ق|حافز الإثابة بنسبة 25% (تعليم)|أحكام بالرفض|بقبول الدعوى شكلا ،ورفضها موضوعا، وألزمت المدعية المصروفات.| مصطفى أحمد عبد الفتاح يوسف على
أكتوبر 2024|9797 لسنة 52 ق|حافز الإثابة بنسبة 25% (تعليم)|أحكام بالرفض|بقبول الدعوى شكلا ،ورفضها موضوعا، وألزمت المدعي المصروفات.| مصطفى أحمد عبد الفتاح يوسف على
مايو 2025|10178 لسنة 52 ق|حافز الإثابة بنسبة 25% (تعليم)|أحكام بعدم الإختصــــاص|بعدم إختصاصها نوعيا بنظر الدعوى، وأمرت بإحالتها بحالتها إلى محكمة القضاء الإداري بمحافظة كفر الشيخ ـ الدائرة السادسة والسبعين- للإختصاص، وأبقت الفصل في المصروفات . صدر هذا الحكم وتلي علنا بالجلسة المنعقدة يوم الأحد الموافق| مصطفى أحمد عبد الفتاح يوسف على
مارس 2025|1672 لسنة 53 ق|حافز الإثابة بنسبة 25% (تعليم)|أحكام بعدم الإختصــــاص|بعدم اختصاصها نوعيا بنظر الدعوى، وأمرت بإحالتها بحالتها إلى محكمة القضاء الإداري بمحافظة كفر الشيخ ـ الدائرة السادسة والسبعين- للاختصاص، وأبقت الفصل في المصروفات . صدر هذا الحكم وتلي علنا بالجلسة المنعقدة يوم الأحد الموافق| مصطفى أحمد عبد الفتاح يوسف على
مارس 2025|1926 لسنة 53 ق|حافز الإثابة بنسبة 25% (تعليم)|أحكام بعدم الإختصــــاص|بعدم اختصاصها نوعيا بنظر الدعوى، وأمرت بإحالتها بحالتها إلى محكمة القضاء الإداري بمحافظة كفر الشيخ ـ الدائرة السادسة والسبعين- للاختصاص، وأبقت الفصل في المصروفات . صدر هذا الحكم وتلي علنا بالجلسة المنعقدة يوم الأحد الموافق| مصطفى أحمد عبد الفتاح يوسف على
ديسمبر 2024|10954 لسنة 52 ق|حافز الإثابة بنسبة 25% (تعليم)||ــــــ| مصطفى أحمد عبد الفتاح يوسف على
نوفمبر 2024|6630 لسنة 52 ق|تسوية معاش|أحكام تمهيدية|تمهيديا – وقبل الفصل في شكل وموضوع الدعوى - بإحالةالدعـــوى إلى مكتب خبراء وزارة العدل بكفر الشيخ.| مصطفى أحمد عبد الفتاح يوسف على
نوفمبر 2024|9718 لسنة 52 ق|تسوية مالية||بقبول الدعوي شكلًا ، وبالأحقـــية.| مصطفى أحمد عبد الفتاح يوسف على
مايو 2025|3044 لسنة 53 ق|براءة ذمة|أحكام بعدم الإختصــــاص|بعدم اختصاصها نوعيا بنظر الدعوى، وأمرت بإحالتها بحالتها إلى محكمة القضاء الإداري بمحافظة كفر الشيخ ـ الدائرة السابعة والسبعون| مصطفى أحمد عبد الفتاح يوسف على
مايو 2025|2296 لسنة 53 ق|إلغاء قرار نقل|أحكام بعدم الإختصــــاص|بعدم إختصاصها نوعيا بنظر الدعوى، وأمرت بإحالتها بحالتها إلى محكمة القضاء الإداري بمحافظة كفر الشيخ ـ الدائرة السادسة والسبعين- للإختصاص، وأبقت الفصل في المصروفات . صدر هذا الحكم وتلي علنا بالجلسة المنعقدة يوم الأحد الموافق| مصطفى أحمد عبد الفتاح يوسف على
مايو 2025|2026 لسنة 53 ق|إلغاء قرار نقل|أحكام بعدم الإختصــــاص|بعدم اختصاصها نوعيا بنظر الدعوى، وأمرت بإحالتها بحالتها إلى محكمة القضاء الإداري بمحافظة كفر الشيخ ـ الدائرة السابعة والسبعون| مصطفى أحمد عبد الفتاح يوسف على
يوليو 2025|1033 لسنة 53 ق|إنهاء تعاقد|أحكام بالأحقية / الإلــــغاء|بقبول الدعوي شكلًا وبالإلغاء| مصطفى أحمد عبد الفتاح يوسف على
يونيو 2025|280 لسنة 53 ق|إنهاء خدمة|أحكام بعدم الإختصــــاص|بعدم إختصاصها محليا بنظر الدعوى،وأمرت بإحالتها بحالتها إلى المحكمة الإدارية لوزارة العدل وملحقاتها بالقاهرة للإختصاص، وأبقت الفصل في المصروفات. صدر هذا الحكم وتلي علنا بالجلسة المنعقدة يوم الأحد الموافق| مصطفى أحمد عبد الفتاح يوسف على
مايو 2025|1298 لسنة 53 ق|إنهاء خدمة|أحكام بعدم الإختصــــاص|:بعدم إختصاصها نوعيا بنظر الدعوى،وإحالتها بحالتها إلى المحكمة التأديبية لرئاسة الجمهورية وملحقاتها للإختصاص، وأبقت الفصل في المصروفات . صدر هذا الحكم وتلي علنا بالجلسة المنعقدة يوم الأحد الموافق| مصطفى أحمد عبد الفتاح يوسف على
إبريل 2025|10900 لسنة 52 ق|إنهاء خدمة|أحكام بالرفض|بقبول الدعوي شكلًا ،ـ ورفضـــــــــــــها موضوعًا.| مصطفى أحمد عبد الفتاح يوسف على
أكتوبر 2024|6092 لسنة 52 ق|إلغاء قرار لجنة (عمد ومشايخ)|أحكام بعدم الإختصــــاص|"بعدم إختصاصها محلـــــــــــيا بنظر الدعوى، وإحالتها بحالتها إلى المحكمة الإدارية لرئاسة الجمهورية وملحقاتها؛ للاختصاص، ‏وأبقت الفصل في المصروفات.‏"| مصطفى أحمد عبد الفتاح يوسف على
أكتوبر 2024|3901 لسنة 52 ق|إلغاء قرار لجنة (عمد ومشايخ)|أحكام بعدم الإختصــــاص|"بعدم إختصاصها محلـــــــــــيا بنظر الدعوى، وإحالتها بحالتها إلى المحكمة الإدارية لرئاسة الجمهورية وملحقاتها؛ للاختصاص، ‏وأبقت الفصل في المصروفات.‏"| مصطفى أحمد عبد الفتاح يوسف على
إبريل 2025|8199 لسنة 52 ق|نقل التعاقد إلي بند 2/3 أجور موسميين.||أولا: بعدم جواز نظر الطلب الأول لسابقة الفصل فيه ،وثانيا:بقبول الطلب الثاني شكلا ،ورفضه موضوعا،وألزمتالمدعية المصروفات . صدر هذا الحكم وتلي علنا بالجلسة المنعقدة يوم الأحد الموافق| مصطفى أحمد عبد الفتاح يوسف على
يوليو 2025|3653 لسنة 52 ق|تسوية معاش|أحكام بالرفض|بقبول الدعوي شكلًا ،ـ ورفضـــــــــــــها موضوعًا.| مصطفى أحمد عبد الفتاح يوسف على
يناير 2025|8318 لسنة 43 ق|تعويض|أحكام بالرفض|بقبول الدعوي شكلًا ،ـ ورفضـــــــــــــها موضوعًا.| مصطفى أحمد عبد الفتاح يوسف على
إبريل 2025|10246 لسنة 52 ق|إنهاء خدمة|أحكام بالرفض|بقبول الدعوي شكلًا ،ـ ورفضـــــــــــــها موضوعًا.| مصطفى أحمد عبد الفتاح يوسف على
إبريل 2025|10245 لسنة 52 ق|إنهاء خدمة|أحكام بالرفض|بقبول الدعوى شكلا،ورفضها موضوعا،وألزمت المدعي المصروفات . صدر هذا الحكم وتلي علنا بالجلسة المنعقدة يوم الأحد الموافق| مصطفى أحمد عبد الفتاح يوسف على
مايو 2025|2017 لسنة 53 ق|ضمك مدة الخبرة العملية |أحكام بعدم الإختصــــاص|بعدم اختصاصها نوعيا بنظر الدعوى، وأمرت بإحالتها بحالتها إلى محكمة القضاء الإداري بمحافظة كفر الشيخ ـ الدائرة السابعة والسبعون| مصطفى أحمد عبد الفتاح يوسف على
مايو 2025|2018 لسنة 53 ق|ضمك مدة الخبرة العملية |أحكام بعدم الإختصــــاص|بعدم اختصاصها نوعيا بنظر الدعوى، وأمرت بإحالتها بحالتها إلى محكمة القضاء الإداري بمحافظة كفر الشيخ ـ الدائرة السابعة والسبعون| مصطفى أحمد عبد الفتاح يوسف على
يونيو 2025|9974 لسنة 52 ق|ضم مدة الخبرة العملية||بوقـــف الـدعــــوى جزائيا لـمـــدة شــــهـر.| مصطفى أحمد عبد الفتاح يوسف على
يوليو 2025|2141 لسنة 53 ق|ضم مدة الخبرة العملية||بوقـــف الـدعــــوى جزائيا لـمـــدة شــــهـر.| مصطفى أحمد عبد الفتاح يوسف على
فبراير 2025|707 لسنة 53 ق|إعادة حساب الحوافز والبدلات|أحكام بعدم الإختصــــاص|بعدم اختصاصها نوعيا بنظر الدعوى، وأمرت بإحالتها بحالتها إلى محكمة القضاء الإداري بمحافظة كفر الشيخ ـ الدائرة السابعة والسبعون| مصطفى أحمد عبد الفتاح يوسف على
فبراير 2025|8781 لسنة 52 ق|ضمك مدة الخبرة العملية |أحكام بعدم الإختصــــاص|بعدم اختصاصها نوعيا بنظر الدعوى، وأمرت بإحالتها بحالتها إلى محكمة القضاء الإداري بمحافظة كفر الشيخ ـ الدائرة السابعة والسبعون| مصطفى أحمد عبد الفتاح يوسف على
أكتوبر 2024|10540 لسنة 52 ق|ضمك مدة الخدمة العسكرية.||بسقوط الحق في إقامة الدعوي-(تقادم طويل)| مصطفى أحمد عبد الفتاح يوسف على
ديسمبر 2024|12190 لسنة 52 ق|ضم مدة الخدمة العسكرية|أحكام بالأحقية / الإلــــغاء|بقبول الدعوي شكلًا ، وبالأحقـــية.| مصطفى أحمد عبد الفتاح يوسف على
فبراير 2025|1468 لسنة 53 ق|علاوة خاصة|أحكام بعدم الإختصــــاص|بعدم اختصاصها نوعيا بنظر الدعوى، وأمرت بإحالتها بحالتها إلى محكمة القضاء الإداري بمحافظة كفر الشيخ ـ الدائرة السابعة والسبعون| مصطفى أحمد عبد الفتاح يوسف على
فبراير 2025|1472 لسنة 53 ق|حافز الأنشطة التربوية وحافز الريادة العلمية والحافز الإضافي.|أحكام بعدم الإختصــــاص|بعدم اختصاصها نوعيا بنظر الدعوى، وأمرت بإحالتها بحالتها إلى محكمة القضاء الإداري بمحافظة كفر الشيخ ـ الدائرة السابعة والسبعون| مصطفى أحمد عبد الفتاح يوسف على
فبراير 2025|1264 لسنة 52 ق|علاوة-مقابل حافز الحد الأدني؟|أحكام بعدم الإختصــــاص|بعدم اختصاصها نوعيا بنظر الدعوى، وأمرت بإحالتها بحالتها إلى محكمة القضاء الإداري بمحافظة كفر الشيخ ـ الدائرة السابعة والسبعون| مصطفى أحمد عبد الفتاح يوسف على
فبراير 2025|1299 لسنة 53 ق|إعادة حساب الحوافز والبدلات|أحكام بعدم الإختصــــاص|بعدم اختصاصها نوعيا بنظر الدعوى، وأمرت بإحالتها بحالتها إلى محكمة القضاء الإداري بمحافظة كفر الشيخ ـ الدائرة السابعة والسبعون| مصطفى أحمد عبد الفتاح يوسف على
أكتوبر 2024|10501 لسنة 52 ق|ضم مدة الخدمة العسكرية||بسقوط الحق في إقامة الدعوي-(تقادم طويل)| مصطفى أحمد عبد الفتاح يوسف على
نوفمبر 2024|9473 لسنة 52 ق|بدل ظروف ومخااطر وظيفية||ــــــ| مصطفى أحمد عبد الفتاح يوسف على
نوفمبر 2024|11046 لسنة 52 ق|مكافآة تدريب أطباء الإمتيـــــــــــــــــاز.|أحكام بعدم الإختصــــاص|بعدم إختصاصها نوعيا بنظر الدعوى،وإحالتها بحالتها إلى محكمة القضاء الإداري بكفر الشيخ (الدائرة الرابعة والسبعون) للإختصاص، وأبقت الفصل في المصروفات .| مصطفى أحمد عبد الفتاح يوسف على
ديسمبر 2024|9697 لسنة 52 ق|إرجاع أقدمية |أحكام بالرفض|بقبول الدعوي شكلًا ،ـ ورفضـــــــــــــها موضوعًا.| مصطفى أحمد عبد الفتاح يوسف على
نوفمبر 2024|1685 لسنة 52 ق|إنهاء خدمة|أحكام بالرفض|بقبول الدعوى شكلا،ورفضها موضوعا،وألزمت المدعي المصروفات .| مصطفى أحمد عبد الفتاح يوسف على
فبراير 2025|10102 لسنة 52 ق|ترقية.|أحكام بالرفض|بقبول الدعوي شكلًا ،ـ ورفضـــــــــــــها موضوعًا.| مصطفى أحمد عبد الفتاح يوسف على
ديسمبر 2024|12631 لسنة 52 ق|زيادة المقابل النقدي للحوافز بالقرار 666 لسنة 2020م|أحكام بالأحقية  / الإلغـــــأء|بقبول الدعوي شكلًا ، وبالأحقية.| مصطفى أحمد عبد الفتاح يوسف على
ديسمبر 2024|5883 لسنة 51 ق|علاوة خاصة||بوقف الدعوي جزاءً| مصطفى أحمد عبد الفتاح يوسف على
نوفمبر 2024|4522 لسنة 51 ق|ضم مكدة الخدمة العسكرية.||بسقوط الحق في إقامة الدعوي-(تقادم طويل)| مصطفى أحمد عبد الفتاح يوسف على
ديسمبر 2024|11678 لسنة 52 ق|إمتناع عن تنفيذ حكم.|أحكام بالأحقية / الإلــــغاء|بقبول الدعوي شكلًا وبالإلغاء| مصطفى أحمد عبد الفتاح يوسف على
فبراير 2025|742 لسنة 53 ق|إمتناع عن تنفيذ حكم.|أحكام بالأحقية / الإلــــغاء|بقبول الدعوي شكلًا وبالإلغاء| مصطفى أحمد عبد الفتاح يوسف على
فبراير 2025|747 لسنة 53 ق|إمتناع عن تنفيذ حكم.|أحكام بالأحقية / الإلــــغاء|بقبول الدعوي شكلًا وبالإلغاء| مصطفى أحمد عبد الفتاح يوسف على
إبريل 2025|5692 لسنة 51 ق|إمتناع عن تنفيذ حكم.|أحكام بالأحقية / الإلــــغاء|بقبول الدعوي شكلًا وبالإلغاء| مصطفى أحمد عبد الفتاح يوسف على
إبريل 2025|5693 لسنة 51 ق|إمتناع عن تنفيذ حكم.|أحكام بالأحقية / الإلــــغاء|بقبول الدعوي شكلًا وبالإلغاء| مصطفى أحمد عبد الفتاح يوسف على
إبريل 2025|9702 لسنة 53 ق|إمتناع عن تنفيذ حكم.|أحكام بالأحقية / الإلــــغاء|بقبول الدعوي شكلًا وبالإلغاء| مصطفى أحمد عبد الفتاح يوسف على
يونيو 2025|2175 لسنة 53 ق|إمتناع عن تنفيذ حكم.|أحكام بالأحقية / الإلــــغاء|بقبول الدعوي شكلًا وبالإلغاء| مصطفى أحمد عبد الفتاح يوسف على
يوليو 2025|2177 لسنة 53 ق|إمتناع عن تنفيذ حكم.|أحكام بالأحقية / الإلــــغاء|بقبول الدعوي شكلًا وبالإلغاء| مصطفى أحمد عبد الفتاح يوسف على
نوفمبر 2024|11749 لسنة 52 ق|الحافز الإضـــــــــــافي (تعليم)|أحكام بالأحقية / الإلــــغاء|بقبول الدعوي شكلًا ، وبالأحقـــية.| مصطفى أحمد عبد الفتاح يوسف على
نوفمبر 2024|11750 لسنة 52 ق|الحافز الإضـــــــــــافي (تعليم)|أحكام بالأحقية / الإلــــغاء|بقبول الدعوي شكلًا ، وبالأحقـــية.| مصطفى أحمد عبد الفتاح يوسف على
نوفمبر 2024|11751 لسنة 52 ق|الحافز الإضـــــــــــافي (تعليم)|أحكام بالأحقية / الإلــــغاء|بقبول الدعوي شكلًا ، وبالأحقـــية.| مصطفى أحمد عبد الفتاح يوسف على
نوفمبر 2024|11752 لسنة 52 ق|الحافز الإضـــــــــــافي (تعليم)|أحكام بالأحقية / الإلــــغاء|بقبول الدعوي شكلًا ، وبالأحقـــية.| مصطفى أحمد عبد الفتاح يوسف على
نوفمبر 2024|11753 لسنة 52 ق|الحافز الإضـــــــــــافي (تعليم)|أحكام بالأحقية / الإلــــغاء|بقبول الدعوي شكلًا ، وبالأحقـــية.| مصطفى أحمد عبد الفتاح يوسف على
نوفمبر 2024|11754 لسنة 52 ق|الحافز الإضـــــــــــافي (تعليم)|أحكام بالأحقية / الإلــــغاء|بقبول الدعوي شكلًا ، وبالأحقـــية.| مصطفى أحمد عبد الفتاح يوسف على
يوليو 2025|2559 لسنة 53 ق|الحافز الإضـــــــــــافي (تعليم)|أحكام بالأحقية / الإلــــغاء|بقبول الدعوي شكلًا ، وبالأحقـــية.| مصطفى أحمد عبد الفتاح يوسف على
يوليو 2025|2560 لسنة 53 ق|الحافز الإضـــــــــــافي (تعليم)|أحكام بالأحقية / الإلــــغاء|بقبول الدعوي شكلًا ، وبالأحقـــية.| مصطفى أحمد عبد الفتاح يوسف على
يوليو 2025|2561 لسنة 53 ق|الحافز الإضـــــــــــافي (تعليم)|أحكام بالأحقية / الإلــــغاء|بقبول الدعوي شكلًا ، وبالأحقـــية.| مصطفى أحمد عبد الفتاح يوسف على
يوليو 2025|2563 لسنة 53 ق|الحافز الإضـــــــــــافي (تعليم)|أحكام بالأحقية / الإلــــغاء|بقبول الدعوي شكلًا ، وبالأحقـــية.| مصطفى أحمد عبد الفتاح يوسف على
يوليو 2025|2564 لسنة 53 ق|الحافز الإضـــــــــــافي (تعليم)|أحكام بالأحقية / الإلــــغاء|بقبول الدعوي شكلًا ، وبالأحقـــية.| مصطفى أحمد عبد الفتاح يوسف على
نوفمبر 2024|7240 لسنة 52 ق|إعادة حساب الحوافز والبدلات||غير محدد| مصطفى أحمد عبد الفتاح يوسف على
يونيو 2025|1246 لسنة 53 ق|إعادة حساب الحوافز والبدلات||بوقـــف الـدعــــوى جزائيا لـمـــدة شــــهـر.| مصطفى أحمد عبد الفتاح يوسف على
ديسمبر 2024|12187 لسنة 52 ق|إعادة حساب الحوافز والبدلات|أحكام بالرفض|بقبول الدعوي شكلًا ،ـ ورفضـــــــــــــها موضوعًا.| مصطفى أحمد عبد الفتاح يوسف على
إبريل 2025|10170 لسنة 52 ق|إعادة حساب الحوافز والبدلات|أحكام بالرفض|بقبول الدعوي شكلًا ،ـ ورفضـــــــــــــها موضوعًا.| مصطفى أحمد عبد الفتاح يوسف على
يناير 2025|177 لسنة 53 ق|إعادة حساب الحوافز والبدلات|أحكام بالأحقية / الإلــــغاء|بقبول الدعوي شكلًا ، وبالأحقـــية.| مصطفى أحمد عبد الفتاح يوسف على
يناير 2025|124 لسنة 53 ق|إعادة حساب الحوافز والبدلات|أحكام بالأحقية / الإلــــغاء|بقبول الدعوي شكلًا ، وبالأحقـــية.| مصطفى أحمد عبد الفتاح يوسف على
يناير 2025|125 لسنة 53 ق|إعادة حساب الحوافز والبدلات|أحكام بالأحقية / الإلــــغاء|بقبول الدعوي شكلًا ، وبالأحقـــية.| مصطفى أحمد عبد الفتاح يوسف على
يناير 2025|127 لسنة 53 ق|إعادة حساب الحوافز والبدلات|أحكام بالأحقية / الإلــــغاء|بقبول الدعوي شكلًا ، وبالأحقـــية.| مصطفى أحمد عبد الفتاح يوسف على
يناير 2025|131 لسنة 53 ق|إعادة حساب الحوافز والبدلات|أحكام بالأحقية / الإلــــغاء|بقبول الدعوي شكلًا ، وبالأحقـــية.| مصطفى أحمد عبد الفتاح يوسف على
يناير 2025|141 لسنة 53 ق|إعادة حساب الحوافز والبدلات|أحكام بالأحقية / الإلــــغاء|بقبول الدعوي شكلًا ، وبالأحقـــية.| مصطفى أحمد عبد الفتاح يوسف على
يناير 2025|143 لسنة 53 ق|إعادة حساب الحوافز والبدلات|أحكام بالأحقية / الإلــــغاء|بقبول الدعوي شكلًا ، وبالأحقـــية.| مصطفى أحمد عبد الفتاح يوسف على
يناير 2025|144 لسنة 53 ق|إعادة حساب الحوافز والبدلات|أحكام بالأحقية / الإلــــغاء|بقبول الدعوي شكلًا ، وبالأحقـــية.| مصطفى أحمد عبد الفتاح يوسف على
يناير 2025|149 لسنة 53 ق|إعادة حساب الحوافز والبدلات|أحكام بالأحقية / الإلــــغاء|بقبول الدعوي شكلًا ، وبالأحقـــية.| مصطفى أحمد عبد الفتاح يوسف على
يناير 2025|150 لسنة 53 ق|إعادة حساب الحوافز والبدلات|أحكام بالأحقية / الإلــــغاء|بقبول الدعوي شكلًا ، وبالأحقـــية.| مصطفى أحمد عبد الفتاح يوسف على
يناير 2025|153 لسنة 53 ق|إعادة حساب الحوافز والبدلات|أحكام بالأحقية / الإلــــغاء|بقبول الدعوي شكلًا ، وبالأحقـــية.| مصطفى أحمد عبد الفتاح يوسف على
يناير 2025|155 لسنة 53 ق|إعادة حساب الحوافز والبدلات|أحكام بالأحقية / الإلــــغاء|بقبول الدعوي شكلًا ، وبالأحقـــية.| مصطفى أحمد عبد الفتاح يوسف على
يناير 2025|161 لسنة 53 ق|إعادة حساب الحوافز والبدلات|أحكام بالأحقية / الإلــــغاء|بقبول الدعوي شكلًا ، وبالأحقـــية.| مصطفى أحمد عبد الفتاح يوسف على
يناير 2025|174 لسنة 53 ق|إعادة حساب الحوافز والبدلات|أحكام بالأحقية / الإلــــغاء|بقبول الدعوي شكلًا ، وبالأحقـــية.| مصطفى أحمد عبد الفتاح يوسف على
يناير 2025|175 لسنة 53 ق|إعادة حساب الحوافز والبدلات|أحكام بالأحقية / الإلــــغاء|بقبول الدعوي شكلًا ، وبالأحقـــية.| مصطفى أحمد عبد الفتاح يوسف على
يناير 2025|176 لسنة 53 ق|إعادة حساب الحوافز والبدلات|أحكام بالأحقية / الإلــــغاء|بقبول الدعوي شكلًا ، وبالأحقـــية.| مصطفى أحمد عبد الفتاح يوسف على
يناير 2025|178 لسنة 53 ق|إعادة حساب الحوافز والبدلات|أحكام بالأحقية / الإلــــغاء|بقبول الدعوي شكلًا ، وبالأحقـــية.| مصطفى أحمد عبد الفتاح يوسف على
يناير 2025|179 لسنة 53 ق|إعادة حساب الحوافز والبدلات|أحكام بالأحقية / الإلــــغاء|بقبول الدعوي شكلًا ، وبالأحقـــية.| مصطفى أحمد عبد الفتاح يوسف على
ديسمبر 2024|12507 لسنة 52 ق|إعادة حساب الحوافز والبدلات|أحكام بالأحقية / الإلــــغاء|بقبول الدعوي شكلًا ، وبالأحقـــية.| مصطفى أحمد عبد الفتاح يوسف على
ديسمبر 2024|12535 لسنة 52 ق|إعادة حساب الحوافز والبدلات|أحكام بالأحقية / الإلــــغاء|بقبول الدعوي شكلًا ، وبالأحقـــية.| مصطفى أحمد عبد الفتاح يوسف على
ديسمبر 2024|10955 لسنة 52 ق|إعادة حساب الحوافز والبدلات|أحكام بالأحقية / الإلــــغاء|بقبول الدعوي شكلًا ، وبالأحقـــية.| مصطفى أحمد عبد الفتاح يوسف على
ديسمبر 2024|10956 لسنة 52 ق|إعادة حساب الحوافز والبدلات|أحكام بالأحقية / الإلــــغاء|بقبول الدعوي شكلًا ، وبالأحقـــية.| مصطفى أحمد عبد الفتاح يوسف على
ديسمبر 2024|10957 لسنة 52 ق|إعادة حساب الحوافز والبدلات|أحكام بالأحقية / الإلــــغاء|بقبول الدعوي شكلًا ، وبالأحقـــية.| مصطفى أحمد عبد الفتاح يوسف على
ديسمبر 2024|10958 لسنة 52 ق|إعادة حساب الحوافز والبدلات|أحكام بالأحقية / الإلــــغاء|بقبول الدعوي شكلًا ، وبالأحقـــية.| مصطفى أحمد عبد الفتاح يوسف على
ديسمبر 2024|11140 لسنة 52 ق|إعادة حساب الحوافز والبدلات|أحكام بالأحقية / الإلــــغاء|بقبول الدعوي شكلًا ، وبالأحقـــية.| مصطفى أحمد عبد الفتاح يوسف على
ديسمبر 2024|11185 لسنة 52 ق|إعادة حساب الحوافز والبدلات|أحكام بالأحقية / الإلــــغاء|بقبول الدعوي شكلًا ، وبالأحقـــية.| مصطفى أحمد عبد الفتاح يوسف على
ديسمبر 2024|11186 لسنة 52 ق|إعادة حساب الحوافز والبدلات|أحكام بالأحقية / الإلــــغاء|بقبول الدعوي شكلًا ، وبالأحقـــية.| مصطفى أحمد عبد الفتاح يوسف على
ديسمبر 2024|11187 لسنة 52 ق|إعادة حساب الحوافز والبدلات|أحكام بالأحقية / الإلــــغاء|بقبول الدعوي شكلًا ، وبالأحقـــية.| مصطفى أحمد عبد الفتاح يوسف على
ديسمبر 2024|11188 لسنة 52 ق|إعادة حساب الحوافز والبدلات|أحكام بالأحقية / الإلــــغاء|بقبول الدعوي شكلًا ، وبالأحقـــية.| مصطفى أحمد عبد الفتاح يوسف على
ديسمبر 2024|11189 لسنة 52 ق|إعادة حساب الحوافز والبدلات|أحكام بالأحقية / الإلــــغاء|بقبول الدعوي شكلًا ، وبالأحقـــية.| مصطفى أحمد عبد الفتاح يوسف على
ديسمبر 2024|11190 لسنة 52 ق|إعادة حساب الحوافز والبدلات|أحكام بالأحقية / الإلــــغاء|بقبول الدعوي شكلًا ، وبالأحقـــية.| مصطفى أحمد عبد الفتاح يوسف على
ديسمبر 2024|11191 لسنة 52 ق|إعادة حساب الحوافز والبدلات|أحكام بالأحقية / الإلــــغاء|بقبول الدعوي شكلًا ، وبالأحقـــية.| مصطفى أحمد عبد الفتاح يوسف على
ديسمبر 2024|11192 لسنة 52 ق|إعادة حساب الحوافز والبدلات|أحكام بالأحقية / الإلــــغاء|بقبول الدعوي شكلًا ، وبالأحقـــية.| مصطفى أحمد عبد الفتاح يوسف على
ديسمبر 2024|11193 لسنة 52 ق|إعادة حساب الحوافز والبدلات|أحكام بالأحقية / الإلــــغاء|بقبول الدعوي شكلًا ، وبالأحقـــية.| مصطفى أحمد عبد الفتاح يوسف على
ديسمبر 2024|11194 لسنة 52 ق|إعادة حساب الحوافز والبدلات|أحكام بالأحقية / الإلــــغاء|بقبول الدعوي شكلًا ، وبالأحقـــية.| مصطفى أحمد عبد الفتاح يوسف على
ديسمبر 2024|12143 لسنة 52 ق|إعادة حساب الحوافز والبدلات|أحكام بالأحقية / الإلــــغاء|بقبول الدعوي شكلًا ، وبالأحقـــية.| مصطفى أحمد عبد الفتاح يوسف على
ديسمبر 2024|12144 لسنة 52 ق|إعادة حساب الحوافز والبدلات|أحكام بالأحقية / الإلــــغاء|بقبول الدعوي شكلًا ، وبالأحقـــية.| مصطفى أحمد عبد الفتاح يوسف على
ديسمبر 2024|12147 لسنة 52 ق|إعادة حساب الحوافز والبدلات|أحكام بالأحقية / الإلــــغاء|بقبول الدعوي شكلًا ، وبالأحقـــية.| مصطفى أحمد عبد الفتاح يوسف على
ديسمبر 2024|12148 لسنة 52 ق|إعادة حساب الحوافز والبدلات|أحكام بالأحقية / الإلــــغاء|بقبول الدعوي شكلًا ، وبالأحقـــية.| مصطفى أحمد عبد الفتاح يوسف على
ديسمبر 2024|12149 لسنة 52 ق|إعادة حساب الحوافز والبدلات|أحكام بالأحقية / الإلــــغاء|بقبول الدعوي شكلًا ، وبالأحقـــية.| مصطفى أحمد عبد الفتاح يوسف على
ديسمبر 2024|12150 لسنة 52 ق|إعادة حساب الحوافز والبدلات|أحكام بالأحقية / الإلــــغاء|بقبول الدعوي شكلًا ، وبالأحقـــية.| مصطفى أحمد عبد الفتاح يوسف على
ديسمبر 2024|12179 لسنة 52 ق|إعادة حساب الحوافز والبدلات|أحكام بالأحقية / الإلــــغاء|بقبول الدعوي شكلًا ، وبالأحقـــية.| مصطفى أحمد عبد الفتاح يوسف على
ديسمبر 2024|12186 لسنة 52 ق|إعادة حساب الحوافز والبدلات|أحكام بالأحقية / الإلــــغاء|بقبول الدعوي شكلًا ، وبالأحقـــية.| مصطفى أحمد عبد الفتاح يوسف على
ديسمبر 2024|12240 لسنة 52 ق|إعادة حساب الحوافز والبدلات|أحكام بالأحقية / الإلــــغاء|بقبول الدعوي شكلًا ، وبالأحقـــية.| مصطفى أحمد عبد الفتاح يوسف على
ديسمبر 2024|12243 لسنة 52 ق|إعادة حساب الحوافز والبدلات|أحكام بالأحقية / الإلــــغاء|بقبول الدعوي شكلًا ، وبالأحقـــية.| مصطفى أحمد عبد الفتاح يوسف على
ديسمبر 2024|12245 لسنة 52 ق|إعادة حساب الحوافز والبدلات|أحكام بالأحقية / الإلــــغاء|بقبول الدعوي شكلًا ، وبالأحقـــية.| مصطفى أحمد عبد الفتاح يوسف على
ديسمبر 2024|12297 لسنة 52 ق|إعادة حساب الحوافز والبدلات|أحكام بالأحقية / الإلــــغاء|بقبول الدعوي شكلًا ، وبالأحقـــية.| مصطفى أحمد عبد الفتاح يوسف على
ديسمبر 2024|12298 لسنة 52 ق|إعادة حساب الحوافز والبدلات|أحكام بالأحقية / الإلــــغاء|بقبول الدعوي شكلًا ، وبالأحقـــية.| مصطفى أحمد عبد الفتاح يوسف على
ديسمبر 2024|12299 لسنة 52 ق|إعادة حساب الحوافز والبدلات|أحكام بالأحقية / الإلــــغاء|بقبول الدعوي شكلًا ، وبالأحقـــية.| مصطفى أحمد عبد الفتاح يوسف على
ديسمبر 2024|12301 لسنة 52 ق|إعادة حساب الحوافز والبدلات|أحكام بالأحقية / الإلــــغاء|بقبول الدعوي شكلًا ، وبالأحقـــية.| مصطفى أحمد عبد الفتاح يوسف على
ديسمبر 2024|12306 لسنة 52 ق|إعادة حساب الحوافز والبدلات|أحكام بالأحقية / الإلــــغاء|بقبول الدعوي شكلًا ، وبالأحقـــية.| مصطفى أحمد عبد الفتاح يوسف على
ديسمبر 2024|12316 لسنة 52 ق|إعادة حساب الحوافز والبدلات|أحكام بالأحقية / الإلــــغاء|بقبول الدعوي شكلًا ، وبالأحقـــية.| مصطفى أحمد عبد الفتاح يوسف على
ديسمبر 2024|12694 لسنة 52 ق|إعادة حساب الحوافز والبدلات|أحكام بالأحقية / الإلــــغاء|بقبول الدعوي شكلًا ، وبالأحقـــية.| مصطفى أحمد عبد الفتاح يوسف على
ديسمبر 2024|12698 لسنة 52 ق|إعادة حساب الحوافز والبدلات|أحكام بالأحقية / الإلــــغاء|بقبول الدعوي شكلًا ، وبالأحقـــية.| مصطفى أحمد عبد الفتاح يوسف على
ديسمبر 2024|12712 لسنة 52 ق|إعادة حساب الحوافز والبدلات|أحكام بالأحقية / الإلــــغاء|بقبول الدعوي شكلًا ، وبالأحقـــية.| مصطفى أحمد عبد الفتاح يوسف على
ديسمبر 2024|12713 لسنة 52 ق|إعادة حساب الحوافز والبدلات|أحكام بالأحقية / الإلــــغاء|بقبول الدعوي شكلًا ، وبالأحقـــية.| مصطفى أحمد عبد الفتاح يوسف على
ديسمبر 2024|12714 لسنة 52 ق|إعادة حساب الحوافز والبدلات|أحكام بالأحقية / الإلــــغاء|بقبول الدعوي شكلًا ، وبالأحقـــية.| مصطفى أحمد عبد الفتاح يوسف على
ديسمبر 2024|12717 لسنة 52 ق|إعادة حساب الحوافز والبدلات|أحكام بالأحقية / الإلــــغاء|بقبول الدعوي شكلًا ، وبالأحقـــية.| مصطفى أحمد عبد الفتاح يوسف على
ديسمبر 2024|12776 لسنة 52 ق|إعادة حساب الحوافز والبدلات|أحكام بالأحقية / الإلــــغاء|بقبول الدعوي شكلًا ، وبالأحقـــية.| مصطفى أحمد عبد الفتاح يوسف على
ديسمبر 2024|12778 لسنة 52 ق|إعادة حساب الحوافز والبدلات|أحكام بالأحقية / الإلــــغاء|بقبول الدعوي شكلًا ، وبالأحقـــية.| مصطفى أحمد عبد الفتاح يوسف على
ديسمبر 2024|12779 لسنة 52 ق|إعادة حساب الحوافز والبدلات|أحكام بالأحقية / الإلــــغاء|بقبول الدعوي شكلًا ، وبالأحقـــية.| مصطفى أحمد عبد الفتاح يوسف على
ديسمبر 2024|12780 لسنة 52 ق|إعادة حساب الحوافز والبدلات|أحكام بالأحقية / الإلــــغاء|بقبول الدعوي شكلًا ، وبالأحقـــية.| مصطفى أحمد عبد الفتاح يوسف على
ديسمبر 2024|8738 لسنة 52 ق|إعادة حساب الحوافز والبدلات|أحكام بالأحقية / الإلــــغاء|بقبول الدعوي شكلًا ، وبالأحقـــية.| مصطفى أحمد عبد الفتاح يوسف على
ديسمبر 2024|8740 لسنة 52 ق|إعادة حساب الحوافز والبدلات|أحكام بالأحقية / الإلــــغاء|بقبول الدعوي شكلًا ، وبالأحقـــية.| مصطفى أحمد عبد الفتاح يوسف على
يناير 2025|121 لسنة 53 ق|إعادة حساب الحوافز والبدلات|أحكام بالأحقية / الإلــــغاء|بقبول الدعوي شكلًا ، وبالأحقـــية.| مصطفى أحمد عبد الفتاح يوسف على
يناير 2025|122 لسنة 53 ق|إعادة حساب الحوافز والبدلات|أحكام بالأحقية / الإلــــغاء|بقبول الدعوي شكلًا ، وبالأحقـــية.| مصطفى أحمد عبد الفتاح يوسف على
يناير 2025|123 لسنة 53 ق|إعادة حساب الحوافز والبدلات|أحكام بالأحقية / الإلــــغاء|بقبول الدعوي شكلًا ، وبالأحقـــية.| مصطفى أحمد عبد الفتاح يوسف على
يناير 2025|126 لسنة 53 ق|إعادة حساب الحوافز والبدلات|أحكام بالأحقية / الإلــــغاء|بقبول الدعوي شكلًا ، وبالأحقـــية.| مصطفى أحمد عبد الفتاح يوسف على
يناير 2025|128 لسنة 53 ق|إعادة حساب الحوافز والبدلات|أحكام بالأحقية / الإلــــغاء|بقبول الدعوي شكلًا ، وبالأحقـــية.| مصطفى أحمد عبد الفتاح يوسف على
يناير 2025|129 لسنة 53 ق|إعادة حساب الحوافز والبدلات|أحكام بالأحقية / الإلــــغاء|بقبول الدعوي شكلًا ، وبالأحقـــية.| مصطفى أحمد عبد الفتاح يوسف على
يناير 2025|145 لسنة 53 ق|إعادة حساب الحوافز والبدلات|أحكام بالأحقية / الإلــــغاء|بقبول الدعوي شكلًا ، وبالأحقـــية.| مصطفى أحمد عبد الفتاح يوسف على
يناير 2025|160 لسنة 53 ق|إعادة حساب الحوافز والبدلات|أحكام بالأحقية / الإلــــغاء|بقبول الدعوي شكلًا ، وبالأحقـــية.| مصطفى أحمد عبد الفتاح يوسف على
يناير 2025|166 لسنة 53 ق|إعادة حساب الحوافز والبدلات|أحكام بالأحقية / الإلــــغاء|بقبول الدعوي شكلًا ، وبالأحقـــية.| مصطفى أحمد عبد الفتاح يوسف على
يناير 2025|169 لسنة 53 ق|إعادة حساب الحوافز والبدلات|أحكام بالأحقية / الإلــــغاء|بقبول الدعوي شكلًا ، وبالأحقـــية.| مصطفى أحمد عبد الفتاح يوسف على
يناير 2025|170 لسنة 53 ق|إعادة حساب الحوافز والبدلات|أحكام بالأحقية / الإلــــغاء|بقبول الدعوي شكلًا ، وبالأحقـــية.| مصطفى أحمد عبد الفتاح يوسف على
يناير 2025|171 لسنة 53 ق|إعادة حساب الحوافز والبدلات|أحكام بالأحقية / الإلــــغاء|بقبول الدعوي شكلًا ، وبالأحقـــية.| مصطفى أحمد عبد الفتاح يوسف على
يناير 2025|180 لسنة 53 ق|إعادة حساب الحوافز والبدلات|أحكام بالأحقية / الإلــــغاء|بقبول الدعوي شكلًا ، وبالأحقـــية.| مصطفى أحمد عبد الفتاح يوسف على
أكتوبر 2024|9664 لسنة 52 ق|إعادة حساب الحوافز والبدلات|أحكام بالأحقية / الإلــــغاء|بقبول الدعوي شكلًا ، وبالأحقـــية.| مصطفى أحمد عبد الفتاح يوسف على
أكتوبر 2024|9649 لسنة 52 ق|إعادة حساب الحوافز والبدلات|أحكام بالأحقية / الإلــــغاء|بقبول الدعوي شكلًا ، وبالأحقـــية.| مصطفى أحمد عبد الفتاح يوسف على
فبراير 2025|1026 لسنة 53 ق|إعادة حساب الحوافز والبدلات|أحكام بالأحقية / الإلــــغاء|بقبول الدعوي شكلًا ، وبالأحقـــية.| مصطفى أحمد عبد الفتاح يوسف على
فبراير 2025|1126 لسنة 53 ق|إعادة حساب الحوافز والبدلات|أحكام بالأحقية / الإلــــغاء|بقبول الدعوي شكلًا ، وبالأحقـــية.| مصطفى أحمد عبد الفتاح يوسف على
فبراير 2025|1174 لسنة 53 ق|إعادة حساب الحوافز والبدلات|أحكام بالأحقية / الإلــــغاء|بقبول الدعوي شكلًا ، وبالأحقـــية.| مصطفى أحمد عبد الفتاح يوسف على
فبراير 2025|1177 لسنة 53 ق|إعادة حساب الحوافز والبدلات|أحكام بالأحقية / الإلــــغاء|بقبول الدعوي شكلًا ، وبالأحقـــية.| مصطفى أحمد عبد الفتاح يوسف على
فبراير 2025|4668 لسنة 52 ق|إعادة حساب الحوافز والبدلات|أحكام بالأحقية / الإلــــغاء|بقبول الدعوي شكلًا ، وبالأحقـــية.| مصطفى أحمد عبد الفتاح يوسف على
فبراير 2025|825 لسنة 53 ق|إعادة حساب الحوافز والبدلات|أحكام بالأحقية / الإلــــغاء|بقبول الدعوي شكلًا ، وبالأحقـــية.| مصطفى أحمد عبد الفتاح يوسف على
فبراير 2025|826 لسنة 53 ق|إعادة حساب الحوافز والبدلات|أحكام بالأحقية / الإلــــغاء|بقبول الدعوي شكلًا ، وبالأحقـــية.| مصطفى أحمد عبد الفتاح يوسف على
فبراير 2025|1864 لسنة 53 ق|إعادة حساب الحوافز والبدلات|أحكام بالأحقية / الإلــــغا|بقبول الدعوي شكلًا ، وبالأحقـــية.| مصطفى أحمد عبد الفتاح يوسف على
فبراير 2025|821 لسنة 53 ق|إعادة حساب الحوافز والبدلات|أحكام بالأحقية / الإلــــغا|بقبول الدعوي شكلًا ، وبالأحقـــية.| مصطفى أحمد عبد الفتاح يوسف على
فبراير 2025|822 لسنة 53 ق|إعادة حساب الحوافز والبدلات|أحكام بالأحقية / الإلــــغا|بقبول الدعوي شكلًا ، وبالأحقـــية.| مصطفى أحمد عبد الفتاح يوسف على
فبراير 2025|823 لسنة 53 ق|إعادة حساب الحوافز والبدلات|أحكام بالأحقية / الإلــــغا|بقبول الدعوي شكلًا ، وبالأحقـــية.| مصطفى أحمد عبد الفتاح يوسف على
فبراير 2025|824 لسنة 53 ق|إعادة حساب الحوافز والبدلات|أحكام بالأحقية / الإلــــغا|بقبول الدعوي شكلًا ، وبالأحقـــية.| مصطفى أحمد عبد الفتاح يوسف على
فبراير 2025|967 لسنة 53 ق|إعادة حساب الحوافز والبدلات|أحكام بالأحقية / الإلــــغا|بقبول الدعوي شكلًا ، وبالأحقـــية.| مصطفى أحمد عبد الفتاح يوسف على
فبراير 2025|977 لسنة 53 ق|إعادة حساب الحوافز والبدلات|أحكام بالأحقية / الإلــــغا|بقبول الدعوي شكلًا ، وبالأحقـــية.| مصطفى أحمد عبد الفتاح يوسف على
مارس 2025|1569 لسنة 53 ق|إعادة حساب الحوافز والبدلات|أحكام بالأحقية / الإلــــغاء|بقبول الدعوي شكلًا ، وبالأحقـــية.| مصطفى أحمد عبد الفتاح يوسف على
مارس 2025|1639 لسنة 53 ق|إعادة حساب الحوافز والبدلات|أحكام بالأحقية / الإلــــغاء|بقبول الدعوي شكلًا ، وبالأحقـــية.| مصطفى أحمد عبد الفتاح يوسف على
مارس 2025|1645 لسنة 52 ق|إعادة حساب الحوافز والبدلات|أحكام بالأحقية / الإلــــغاء|بقبول الدعوي شكلًا ، وبالأحقـــية.| مصطفى أحمد عبد الفتاح يوسف على
مارس 2025|1649 لسنة 52 ق|إعادة حساب الحوافز والبدلات|أحكام بالأحقية / الإلــــغاء|بقبول الدعوي شكلًا ، وبالأحقـــية.| مصطفى أحمد عبد الفتاح يوسف على
مارس 2025|1706 لسنة 53 ق|إعادة حساب الحوافز والبدلات|أحكام بالأحقية / الإلــــغاء|بقبول الدعوي شكلًا ، وبالأحقـــية.| مصطفى أحمد عبد الفتاح يوسف على
مارس 2025|1896 لسنة 53 ق|إعادة حساب الحوافز والبدلات|أحكام بالأحقية / الإلــــغاء|بقبول الدعوي شكلًا ، وبالأحقـــية.| مصطفى أحمد عبد الفتاح يوسف على
مارس 2025|1932 لسنة 53 ق|إعادة حساب الحوافز والبدلات|أحكام بالأحقية / الإلــــغاء|بقبول الدعوي شكلًا ، وبالأحقـــية.| مصطفى أحمد عبد الفتاح يوسف على
مارس 2025|1437 لسنة 53 ق|إعادة حساب الحوافز والبدلات||بقبول الدعوي شكلًا ، وبالأحقـــية.| مصطفى أحمد عبد الفتاح يوسف على
مارس 2025|1630 لسنة 53 ق|إعادة حساب الحوافز والبدلات||بقبول الدعوي شكلًا ، وبالأحقـــية.| مصطفى أحمد عبد الفتاح يوسف على
مارس 2025|1641 لسنة 53 ق|إعادة حساب الحوافز والبدلات||بقبول الدعوي شكلًا ، وبالأحقـــية.| مصطفى أحمد عبد الفتاح يوسف على
مارس 2025|1681 لسنة 53 ق|إعادة حساب الحوافز والبدلات||بقبول الدعوي شكلًا ، وبالأحقـــية.| مصطفى أحمد عبد الفتاح يوسف على
مارس 2025|1707 لسنة 53 ق|إعادة حساب الحوافز والبدلات||بقبول الدعوي شكلًا ، وبالأحقـــية.| مصطفى أحمد عبد الفتاح يوسف على
مارس 2025|1878 لسنة 53 ق|إعادة حساب الحوافز والبدلات||بقبول الدعوي شكلًا ، وبالأحقـــية.| مصطفى أحمد عبد الفتاح يوسف على
مارس 2025|1962 لسنة 53 ق|إعادة حساب الحوافز والبدلات||بقبول الدعوي شكلًا ، وبالأحقـــية.| مصطفى أحمد عبد الفتاح يوسف على
نوفمبر 2024|11974 لسنة 52 ق|إعادة حساب الحوافز والبدلات|أحكام بالأحقية  / الإلغـــــأء|بقبول الدعوي شكلًا ، وبالأحقية.| مصطفى أحمد عبد الفتاح يوسف على
نوفمبر 2024|12020 لسنة 52 ق|إعادة حساب الحوافز والبدلات|أحكام بالأحقية  / الإلغـــــأء|بقبول الدعوي شكلًا ، وبالأحقية.| مصطفى أحمد عبد الفتاح يوسف على
نوفمبر 2024|11730 لسنة 52 ق|إعادة حساب الحوافز والبدلات|أحكام بالأحقية / الإلــــغاء|بقبول الدعوي شكلًا ، وبالأحقـــية.| مصطفى أحمد عبد الفتاح يوسف على
نوفمبر 2024|11731 لسنة 52 ق|إعادة حساب الحوافز والبدلات|أحكام بالأحقية / الإلــــغاء|بقبول الدعوي شكلًا ، وبالأحقـــية.| مصطفى أحمد عبد الفتاح يوسف على
نوفمبر 2024|11734 لسنة 52 ق|إعادة حساب الحوافز والبدلات|أحكام بالأحقية / الإلــــغاء|بقبول الدعوي شكلًا ، وبالأحقـــية.| مصطفى أحمد عبد الفتاح يوسف على
نوفمبر 2024|11735 لسنة 52 ق|إعادة حساب الحوافز والبدلات|أحكام بالأحقية / الإلــــغاء|بقبول الدعوي شكلًا ، وبالأحقـــية.| مصطفى أحمد عبد الفتاح يوسف على
نوفمبر 2024|11892 لسنة 52 ق|إعادة حساب الحوافز والبدلات|أحكام بالأحقية / الإلــــغاء|بقبول الدعوي شكلًا ، وبالأحقـــية.| مصطفى أحمد عبد الفتاح يوسف على
نوفمبر 2024|12063 لسنة 52 ق|إعادة حساب الحوافز والبدلات|أحكام بالأحقية / الإلــــغاء|بقبول الدعوي شكلًا ، وبالأحقـــية.| مصطفى أحمد عبد الفتاح يوسف على
نوفمبر 2024|12080 لسنة 52 ق|إعادة حساب الحوافز والبدلات|أحكام بالأحقية / الإلــــغاء|بقبول الدعوي شكلًا ، وبالأحقـــية.| مصطفى أحمد عبد الفتاح يوسف على
نوفمبر 2024|10608 لسنة 52 ق|إعادة حساب الحوافز والبدلات|أحكام بالأحقية / الإلــــغا|بقبول الدعوي شكلًا ، وبالأحقـــية.| مصطفى أحمد عبد الفتاح يوسف على
نوفمبر 2024|10719 لسنة 52 ق|إعادة حساب الحوافز والبدلات|أحكام بالأحقية / الإلــــغا|بقبول الدعوي شكلًا ، وبالأحقـــية.| مصطفى أحمد عبد الفتاح يوسف على
نوفمبر 2024|11732 لسنة 52 ق|إعادة حساب الحوافز والبدلات|أحكام بالأحقية / الإلــــغا|بقبول الدعوي شكلًا ، وبالأحقـــية.| مصطفى أحمد عبد الفتاح يوسف على
نوفمبر 2024|11733 لسنة 52 ق|إعادة حساب الحوافز والبدلات|أحكام بالأحقية / الإلــــغا|بقبول الدعوي شكلًا ، وبالأحقـــية.| مصطفى أحمد عبد الفتاح يوسف على
نوفمبر 2024|11765 لسنة 52 ق|إعادة حساب الحوافز والبدلات|أحكام بالأحقية / الإلــــغا|بقبول الدعوي شكلًا ، وبالأحقـــية.| مصطفى أحمد عبد الفتاح يوسف على
نوفمبر 2024|11767 لسنة 52 ق|إعادة حساب الحوافز والبدلات|أحكام بالأحقية / الإلــــغا|بقبول الدعوي شكلًا ، وبالأحقـــية.| مصطفى أحمد عبد الفتاح يوسف على
نوفمبر 2024|11808 لسنة 52 ق|إعادة حساب الحوافز والبدلات|أحكام بالأحقية / الإلــــغا|بقبول الدعوي شكلًا ، وبالأحقـــية.| مصطفى أحمد عبد الفتاح يوسف على
نوفمبر 2024|11809 لسنة 52 ق|إعادة حساب الحوافز والبدلات|أحكام بالأحقية / الإلــــغا|بقبول الدعوي شكلًا ، وبالأحقـــية.| مصطفى أحمد عبد الفتاح يوسف على
نوفمبر 2024|11891 لسنة 52 ق|إعادة حساب الحوافز والبدلات|أحكام بالأحقية / الإلــــغا|بقبول الدعوي شكلًا ، وبالأحقـــية.| مصطفى أحمد عبد الفتاح يوسف على
نوفمبر 2024|11912 لسنة 52 ق|إعادة حساب الحوافز والبدلات|أحكام بالأحقية / الإلــــغا|بقبول الدعوي شكلًا ، وبالأحقـــية.| مصطفى أحمد عبد الفتاح يوسف على
نوفمبر 2024|11994 لسنة 52 ق|إعادة حساب الحوافز والبدلات|أحكام بالأحقية / الإلــــغا|بقبول الدعوي شكلًا ، وبالأحقـــية.| مصطفى أحمد عبد الفتاح يوسف على
نوفمبر 2024|11995 لسنة 52 ق|إعادة حساب الحوافز والبدلات|أحكام بالأحقية / الإلــــغا|بقبول الدعوي شكلًا ، وبالأحقـــية.| مصطفى أحمد عبد الفتاح يوسف على
نوفمبر 2024|11996 لسنة 52 ق|إعادة حساب الحوافز والبدلات|ررأحكام بالأحقية / الإلــــغا|بقبول الدعوي شكلًا ، وبالأحقـــية.| مصطفى أحمد عبد الفتاح يوسف على
نوفمبر 2024|12021 لسنة 52 ق|إعادة حساب الحوافز والبدلات|أحكام بالأحقية / الإلــــغا|بقبول الدعوي شكلًا ، وبالأحقـــية.| مصطفى أحمد عبد الفتاح يوسف على
نوفمبر 2024|12024 لسنة 52 ق|إعادة حساب الحوافز والبدلات|أحكام بالأحقية / الإلــــغا|بقبول الدعوي شكلًا ، وبالأحقـــية.| مصطفى أحمد عبد الفتاح يوسف على
نوفمبر 2024|12043 لسنة 52 ق|إعادة حساب الحوافز والبدلات|أحكام بالأحقية / الإلــــغا|بقبول الدعوي شكلًا ، وبالأحقـــية.| مصطفى أحمد عبد الفتاح يوسف على
نوفمبر 2024|12044 لسنة 52 ق|إعادة حساب الحوافز والبدلات|أحكام بالأحقية / الإلــــغا|بقبول الدعوي شكلًا ، وبالأحقـــية.| مصطفى أحمد عبد الفتاح يوسف على
نوفمبر 2024|12082 لسنة 52 ق|إعادة حساب الحوافز والبدلات|أحكام بالأحقية / الإلــــغا|بقبول الدعوي شكلًا ، وبالأحقـــية.| مصطفى أحمد عبد الفتاح يوسف على
مايو 2025|2809 لسنة 53 ق|إعادة حساب الحوافز والبدلات|أحكام بالأحقية / الإلــــغاء  / |بقبول الدعوي شكلًا ، وبالأحقـــية.| مصطفى أحمد عبد الفتاح يوسف على
مايو 2025|2350 لسنة 53 ق|إعادة حساب الحوافز والبدلات|أحكام بالأحقية / الإلــــغا|بقبول الدعوي شكلًا ، وبالأحقـــية.| مصطفى أحمد عبد الفتاح يوسف على
مايو 2025|2357 لسنة 53 ق|إعادة حساب الحوافز والبدلات|أحكام بالأحقية / الإلــــغا|بقبول الدعوي شكلًا ، وبالأحقـــية.| مصطفى أحمد عبد الفتاح يوسف على
مايو 2025|2360 لسنة 53 ق|إعادة حساب الحوافز والبدلات|أحكام بالأحقية / الإلــــغا|بقبول الدعوي شكلًا ، وبالأحقـــية.| مصطفى أحمد عبد الفتاح يوسف على
مايو 2025|2361 لسنة 53 ق|إعادة حساب الحوافز والبدلات|أحكام بالأحقية / الإلــــغا|بقبول الدعوي شكلًا ، وبالأحقـــية.| مصطفى أحمد عبد الفتاح يوسف على
مايو 2025|2363 لسنة 53 ق|إعادة حساب الحوافز والبدلات|أحكام بالأحقية / الإلــــغا|بقبول الدعوي شكلًا ، وبالأحقـــية.| مصطفى أحمد عبد الفتاح يوسف على
مايو 2025|2810 لسنة 53 ق|إعادة حساب الحوافز والبدلات|أحكام بالأحقية / الإلــــغا|بقبول الدعوي شكلًا ، وبالأحقـــية.| مصطفى أحمد عبد الفتاح يوسف على
أكتوبر 2024|10113 لسنة 52 ق|إعادة حساب الحوافز والبدلات|أحكام بالأحقية / الإلــــغاء|بقبول الدعوي شكلًا ، وبالأحقـــية.| مصطفى أحمد عبد الفتاح يوسف على
أكتوبر 2024|10117 لسنة 52 ق|إعادة حساب الحوافز والبدلات|أحكام بالأحقية / الإلــــغاء|بقبول الدعوي شكلًا ، وبالأحقـــية.| مصطفى أحمد عبد الفتاح يوسف على
أكتوبر 2024|10121 لسنة 52 ق|إعادة حساب الحوافز والبدلات|أحكام بالأحقية / الإلــــغاء|بقبول الدعوي شكلًا ، وبالأحقـــية.| مصطفى أحمد عبد الفتاح يوسف على
أكتوبر 2024|10122 لسنة 52 ق|إعادة حساب الحوافز والبدلات|أحكام بالأحقية / الإلــــغاء|بقبول الدعوي شكلًا ، وبالأحقـــية.| مصطفى أحمد عبد الفتاح يوسف على
أكتوبر 2024|10128 لسنة 52 ق|إعادة حساب الحوافز والبدلات|أحكام بالأحقية / الإلــــغاء|بقبول الدعوي شكلًا ، وبالأحقـــية.| مصطفى أحمد عبد الفتاح يوسف على
أكتوبر 2024|10151 لسنة 52 ق|إعادة حساب الحوافز والبدلات|أحكام بالأحقية / الإلــــغاء|بقبول الدعوي شكلًا ، وبالأحقـــية.| مصطفى أحمد عبد الفتاح يوسف على
أكتوبر 2024|10152 لسنة 52 ق|إعادة حساب الحوافز والبدلات|أحكام بالأحقية / الإلــــغاء|بقبول الدعوي شكلًا ، وبالأحقـــية.| مصطفى أحمد عبد الفتاح يوسف على
أكتوبر 2024|10159 لسنة 52 ق|إعادة حساب الحوافز والبدلات|أحكام بالأحقية / الإلــــغاء|بقبول الدعوي شكلًا ، وبالأحقـــية.| مصطفى أحمد عبد الفتاح يوسف على
أكتوبر 2024|10160 لسنة 52 ق|إعادة حساب الحوافز والبدلات|أحكام بالأحقية / الإلــــغاء|بقبول الدعوي شكلًا ، وبالأحقـــية.| مصطفى أحمد عبد الفتاح يوسف على
أكتوبر 2024|10545 لسنة 52 ق|إعادة حساب الحوافز والبدلات|أحكام بالأحقية / الإلــــغاء|بقبول الدعوي شكلًا ، وبالأحقـــية.| مصطفى أحمد عبد الفتاح يوسف على
أكتوبر 2024|10546 لسنة 52 ق|إعادة حساب الحوافز والبدلات|أحكام بالأحقية / الإلــــغاء|بقبول الدعوي شكلًا ، وبالأحقـــية.| مصطفى أحمد عبد الفتاح يوسف على
أكتوبر 2024|12376 لسنة 52 ق|إعادة حساب الحوافز والبدلات|أحكام بالأحقية / الإلــــغاء|بقبول الدعوي شكلًا ، وبالأحقـــية.| مصطفى أحمد عبد الفتاح يوسف على
أكتوبر 2024|9609 لسنة 52 ق|إعادة حساب الحوافز والبدلات|أحكام بالأحقية / الإلــــغاء|بقبول الدعوي شكلًا ، وبالأحقـــية.| مصطفى أحمد عبد الفتاح يوسف على
أكتوبر 2024|9682 لسنة 52 ق|إعادة حساب الحوافز والبدلات|أحكام بالأحقية / الإلــــغاء|بقبول الدعوي شكلًا ، وبالأحقـــية.| مصطفى أحمد عبد الفتاح يوسف على
أكتوبر 2024|10111 لسنة 52 ق|إعادة حساب الحوافز والبدلات|أحكام بالأحقية / الإلــــغا|بقبول الدعوي شكلًا ، وبالأحقـــية.| مصطفى أحمد عبد الفتاح يوسف على
أكتوبر 2024|10112 لسنة 52 ق|إعادة حساب الحوافز والبدلات|أحكام بالأحقية / الإلــــغا|بقبول الدعوي شكلًا ، وبالأحقـــية.| مصطفى أحمد عبد الفتاح يوسف على
أكتوبر 2024|10115 لسنة 52 ق|إعادة حساب الحوافز والبدلات|أحكام بالأحقية / الإلــــغا|بقبول الدعوي شكلًا ، وبالأحقـــية.| مصطفى أحمد عبد الفتاح يوسف على
أكتوبر 2024|10116 لسنة 52 ق|إعادة حساب الحوافز والبدلات|أحكام بالأحقية / الإلــــغا|بقبول الدعوي شكلًا ، وبالأحقـــية.| مصطفى أحمد عبد الفتاح يوسف على
أكتوبر 2024|10118 لسنة 52 ق|إعادة حساب الحوافز والبدلات|أحكام بالأحقية / الإلــــغا|بقبول الدعوي شكلًا ، وبالأحقـــية.| مصطفى أحمد عبد الفتاح يوسف على
أكتوبر 2024|10119 لسنة 52 ق|إعادة حساب الحوافز والبدلات|أحكام بالأحقية / الإلــــغا|بقبول الدعوي شكلًا ، وبالأحقـــية.| مصطفى أحمد عبد الفتاح يوسف على
أكتوبر 2024|10120 لسنة 52 ق|إعادة حساب الحوافز والبدلات|أحكام بالأحقية / الإلــــغا|بقبول الدعوي شكلًا ، وبالأحقـــية.| مصطفى أحمد عبد الفتاح يوسف على
أكتوبر 2024|10123 لسنة 52 ق|إعادة حساب الحوافز والبدلات|أحكام بالأحقية / الإلــــغا|بقبول الدعوي شكلًا ، وبالأحقـــية.| مصطفى أحمد عبد الفتاح يوسف على
أكتوبر 2024|10124 لسنة 52 ق|إعادة حساب الحوافز والبدلات|أحكام بالأحقية / الإلــــغا|بقبول الدعوي شكلًا ، وبالأحقـــية.| مصطفى أحمد عبد الفتاح يوسف على
أكتوبر 2024|10125 لسنة 52 ق|إعادة حساب الحوافز والبدلات|أحكام بالأحقية / الإلــــغا|بقبول الدعوي شكلًا ، وبالأحقـــية.| مصطفى أحمد عبد الفتاح يوسف على
أكتوبر 2024|10126 لسنة 52 ق|إعادة حساب الحوافز والبدلات|أحكام بالأحقية / الإلــــغا|بقبول الدعوي شكلًا ، وبالأحقـــية.| مصطفى أحمد عبد الفتاح يوسف على
أكتوبر 2024|10129 لسنة 52 ق|إعادة حساب الحوافز والبدلات|أحكام بالأحقية / الإلــــغا|بقبول الدعوي شكلًا ، وبالأحقـــية.| مصطفى أحمد عبد الفتاح يوسف على
أكتوبر 2024|10130 لسنة 52 ق|إعادة حساب الحوافز والبدلات|أحكام بالأحقية / الإلــــغا|بقبول الدعوي شكلًا ، وبالأحقـــية.| مصطفى أحمد عبد الفتاح يوسف على
أكتوبر 2024|10132 لسنة 52 ق|إعادة حساب الحوافز والبدلات|أحكام بالأحقية / الإلــــغا|بقبول الدعوي شكلًا ، وبالأحقـــية.| مصطفى أحمد عبد الفتاح يوسف على
أكتوبر 2024|10133 لسنة 52 ق|إعادة حساب الحوافز والبدلات|أحكام بالأحقية / الإلــــغا|بقبول الدعوي شكلًا ، وبالأحقـــية.| مصطفى أحمد عبد الفتاح يوسف على
أكتوبر 2024|10134 لسنة 52 ق|إعادة حساب الحوافز والبدلات|أحكام بالأحقية / الإلــــغا|بقبول الدعوي شكلًا ، وبالأحقـــية.| مصطفى أحمد عبد الفتاح يوسف على
أكتوبر 2024|10135 لسنة 52 ق|إعادة حساب الحوافز والبدلات|أحكام بالأحقية / الإلــــغا|بقبول الدعوي شكلًا ، وبالأحقـــية.| مصطفى أحمد عبد الفتاح يوسف على
أكتوبر 2024|10136 لسنة 52 ق|إعادة حساب الحوافز والبدلات|أحكام بالأحقية / الإلــــغا|بقبول الدعوي شكلًا ، وبالأحقـــية.| مصطفى أحمد عبد الفتاح يوسف على
أكتوبر 2024|10153 لسنة 52 ق|إعادة حساب الحوافز والبدلات|أحكام بالأحقية / الإلــــغا|بقبول الدعوي شكلًا ، وبالأحقـــية.| مصطفى أحمد عبد الفتاح يوسف على
أكتوبر 2024|10154 لسنة 52 ق|إعادة حساب الحوافز والبدلات|أحكام بالأحقية / الإلــــغا|بقبول الدعوي شكلًا ، وبالأحقـــية.| مصطفى أحمد عبد الفتاح يوسف على
أكتوبر 2024|10155 لسنة 52 ق|إعادة حساب الحوافز والبدلات|أحكام بالأحقية / الإلــــغا|بقبول الدعوي شكلًا ، وبالأحقـــية.| مصطفى أحمد عبد الفتاح يوسف على
أكتوبر 2024|10156 لسنة 52 ق|إعادة حساب الحوافز والبدلات|أحكام بالأحقية / الإلــــغا|بقبول الدعوي شكلًا ، وبالأحقـــية.| مصطفى أحمد عبد الفتاح يوسف على
أكتوبر 2024|10161 لسنة 52 ق|إعادة حساب الحوافز والبدلات|أحكام بالأحقية / الإلــــغا|بقبول الدعوي شكلًا ، وبالأحقـــية.| مصطفى أحمد عبد الفتاح يوسف على
أكتوبر 2024|10162 لسنة 52 ق|إعادة حساب الحوافز والبدلات|أحكام بالأحقية / الإلــــغا|بقبول الدعوي شكلًا ، وبالأحقـــية.| مصطفى أحمد عبد الفتاح يوسف على
أكتوبر 2024|10163 لسنة 52 ق|إعادة حساب الحوافز والبدلات|أحكام بالأحقية / الإلــــغا|بقبول الدعوي شكلًا ، وبالأحقـــية.| مصطفى أحمد عبد الفتاح يوسف على
أكتوبر 2024|10164 لسنة 52 ق|إعادة حساب الحوافز والبدلات|أحكام بالأحقية / الإلــــغا|بقبول الدعوي شكلًا ، وبالأحقـــية.| مصطفى أحمد عبد الفتاح يوسف على
أكتوبر 2024|10165 لسنة 52 ق|إعادة حساب الحوافز والبدلات|أحكام بالأحقية / الإلــــغا|بقبول الدعوي شكلًا ، وبالأحقـــية.| مصطفى أحمد عبد الفتاح يوسف على
أكتوبر 2024|10166 لسنة 52 ق|إعادة حساب الحوافز والبدلات|أحكام بالأحقية / الإلــــغا|بقبول الدعوي شكلًا ، وبالأحقـــية.| مصطفى أحمد عبد الفتاح يوسف على
أكتوبر 2024|10167 لسنة 52 ق|إعادة حساب الحوافز والبدلات|أحكام بالأحقية / الإلــــغا|بقبول الدعوي شكلًا ، وبالأحقـــية.| مصطفى أحمد عبد الفتاح يوسف على
أكتوبر 2024|10168 لسنة 52 ق|إعادة حساب الحوافز والبدلات|أحكام بالأحقية / الإلــــغا|بقبول الدعوي شكلًا ، وبالأحقـــية.| مصطفى أحمد عبد الفتاح يوسف على
أكتوبر 2024|10169 لسنة 52 ق|إعادة حساب الحوافز والبدلات|أحكام بالأحقية / الإلــــغا|بقبول الدعوي شكلًا ، وبالأحقـــية.| مصطفى أحمد عبد الفتاح يوسف على
أكتوبر 2024|10547 لسنة 52 ق|إعادة حساب الحوافز والبدلات|أحكام بالأحقية / الإلــــغا|بقبول الدعوي شكلًا ، وبالأحقـــية.| مصطفى أحمد عبد الفتاح يوسف على
أكتوبر 2024|9805 لسنة 52 ق|إعادة حساب الحوافز والبدلات|أحكام بالأحقية / الإلــــغا|بقبول الدعوي شكلًا ، وبالأحقـــية.| مصطفى أحمد عبد الفتاح يوسف على
أكتوبر 2024|9806 لسنة 52 ق|إعادة حساب الحوافز والبدلات|أحكام بالأحقية / الإلــــغا|بقبول الدعوي شكلًا ، وبالأحقـــية.| مصطفى أحمد عبد الفتاح يوسف على
إبريل 2025|2222 لسنة 53 ق|إعادة حساب الحوافز والبدلات|أحكام بالأحقية / الإلــــغاء|بقبول الدعوي شكلًا ، وبالأحقـــية.| مصطفى أحمد عبد الفتاح يوسف على
إبريل 2025|2223 لسنة 53 ق|إعادة حساب الحوافز والبدلات|أحكام بالأحقية / الإلــــغاء|بقبول الدعوي شكلًا ، وبالأحقـــية.| مصطفى أحمد عبد الفتاح يوسف على
إبريل 2025|2499 لسنة 53 ق|إعادة حساب الحوافز والبدلات|أحكام بالأحقية / الإلــــغا|بقبول الدعوي شكلًا ، وبالأحقـــية.| مصطفى أحمد عبد الفتاح يوسف على
يونيو 2025|2642 لسنة 53 ق|إعادة حساب الحوافز والبدلات|أحكام بالأحقية / الإلــــغاء|بقبول الدعوي شكلًا ، وبالأحقـــية.| مصطفى أحمد عبد الفتاح يوسف على
يونيو 2025|2643 لسنة 53 ق|إعادة حساب الحوافز والبدلات|أحكام بالأحقية / الإلــــغاء|بقبول الدعوي شكلًا ، وبالأحقـــية.| مصطفى أحمد عبد الفتاح يوسف على
يونيو 2025|2644 لسنة 53 ق|إعادة حساب الحوافز والبدلات|أحكام بالأحقية / الإلــــغا|بقبول الدعوي شكلًا ، وبالأحقـــية.| مصطفى أحمد عبد الفتاح يوسف على
يونيو 2025|2645 لسنة 53 ق|إعادة حساب الحوافز والبدلات|أحكام بالأحقية / الإلــــغا|بقبول الدعوي شكلًا ، وبالأحقـــية.| مصطفى أحمد عبد الفتاح يوسف على
يونيو 2025|2668 لسنة 53 ق|إعادة حساب الحوافز والبدلات|أحكام بالأحقية / الإلــــغا|بقبول الدعوي شكلًا ، وبالأحقـــية.| مصطفى أحمد عبد الفتاح يوسف على
يونيو 2025|2695 لسنة 53 ق|إعادة حساب الحوافز والبدلات|أحكام بالأحقية / الإلــــغا|بقبول الدعوي شكلًا ، وبالأحقـــية.| مصطفى أحمد عبد الفتاح يوسف على
يونيو 2025|2697 لسنة 53 ق|إعادة حساب الحوافز والبدلات|أحكام بالأحقية / الإلــــغا|بقبول الدعوي شكلًا ، وبالأحقـــية.| مصطفى أحمد عبد الفتاح يوسف على
يونيو 2025|2698 لسنة 53 ق|إعادة حساب الحوافز والبدلات|أحكام بالأحقية / الإلــــغا|بقبول الدعوي شكلًا ، وبالأحقـــية.| مصطفى أحمد عبد الفتاح يوسف على
يونيو 2025|2699 لسنة 53 ق|إعادة حساب الحوافز والبدلات|أحكام بالأحقية / الإلــــغا|بقبول الدعوي شكلًا ، وبالأحقـــية.| مصطفى أحمد عبد الفتاح يوسف على
يونيو 2025|2750 لسنة 53 ق|إعادة حساب الحوافز والبدلات|أحكام بالأحقية / الإلــــغا|بقبول الدعوي شكلًا ، وبالأحقـــية.| مصطفى أحمد عبد الفتاح يوسف على
يونيو 2025|2963 لسنة 53 ق|إعادة حساب الحوافز والبدلات|أحكام بالأحقية / الإلــــغا|بقبول الدعوي شكلًا ، وبالأحقـــية.| مصطفى أحمد عبد الفتاح يوسف على
يوليو 2025|2800 لسنة 53 ق|إعادة حساب الحوافز والبدلات|أحكام بالأحقية / الإلــــغا|بقبول الدعوي شكلًا ، وبالأحقـــية.| مصطفى أحمد عبد الفتاح يوسف على
يوليو 2025|2875 لسنة 53 ق|إعادة حساب الحوافز والبدلات|أحكام بالأحقية / الإلــــغا|بقبول الدعوي شكلًا ، وبالأحقـــية.| مصطفى أحمد عبد الفتاح يوسف على
إبريل 2025|1998 لسنة 53 ق|إعادة حساب الحوافز والبدلات|أحكام بعدم الإختصــــاص|بعدم اختصاصها نوعيا بنظر الدعوى، وأمرت بإحالتها بحالتها إلى محكمة القضاء الإداري بمحافظة كفر الشيخ ـ الدائرة السابعة والسبعون| مصطفى أحمد عبد الفتاح يوسف على
إبريل 2025|1999 لسنة 53 ق|إعادة حساب الحوافز والبدلات|أحكام بعدم الإختصــــاص|بعدم اختصاصها نوعيا بنظر الدعوى، وأمرت بإحالتها بحالتها إلى محكمة القضاء الإداري بمحافظة كفر الشيخ ـ الدائرة السابعة والسبعون| مصطفى أحمد عبد الفتاح يوسف على
إبريل 2025|2002 لسنة 53 ق|إعادة حساب الحوافز والبدلات|أحكام بعدم الإختصــــاص|بعدم اختصاصها نوعيا بنظر الدعوى، وأمرت بإحالتها بحالتها إلى محكمة القضاء الإداري بمحافظة كفر الشيخ ـ الدائرة السابعة والسبعون| مصطفى أحمد عبد الفتاح يوسف على
إبريل 2025|2003 لسنة 53 ق|إعادة حساب الحوافز والبدلات|أحكام بعدم الإختصــــاص|بعدم اختصاصها نوعيا بنظر الدعوى، وأمرت بإحالتها بحالتها إلى محكمة القضاء الإداري بمحافظة كفر الشيخ ـ الدائرة السابعة والسبعون| مصطفى أحمد عبد الفتاح يوسف على
مارس 2025|1925 لسنة 53 ق|إعادة حساب الحوافز والبدلات|أحكام بعدم الإختصــــاص|بعدم اختصاصها نوعيا بنظر الدعوى، وأمرت بإحالتها بحالتها إلى محكمة القضاء الإداري بمحافظة كفر الشيخ ـ الدائرة السابعة والسبعون| مصطفى أحمد عبد الفتاح يوسف على
يونيو 2025|2420 لسنة 53 ق|إعادة حساب الحوافز والبدلات|أحكام بعدم الإختصــــاص|بعدم اختصاصها نوعيا بنظر الدعوى، وأمرت بإحالتها بحالتها إلى محكمة القضاء الإداري بمحافظة كفر الشيخ ـ الدائرة السابعة والسبعون| مصطفى أحمد عبد الفتاح يوسف على
يونيو 2025|2452 لسنة 53 ق|إعادة حساب الحوافز والبدلات|أحكام بعدم الإختصــــاص|بعدم اختصاصها نوعيا بنظر الدعوى، وأمرت بإحالتها بحالتها إلى محكمة القضاء الإداري بمحافظة كفر الشيخ ـ الدائرة السابعة والسبعون| مصطفى أحمد عبد الفتاح يوسف على
فبراير 2025|1007 لسنة 53 ق|إعادة حساب الحوافز والبدلات|أحكام بعدم الإختصــــاص|بعدم اختصاصها نوعيا بنظر الدعوى، وأمرت بإحالتها بحالتها إلى محكمة القضاء الإداري بمحافظة كفر الشيخ ـ الدائرة السابعة والسبعون| مصطفى أحمد عبد الفتاح يوسف على
فبراير 2025|1008 لسنة 53 ق|إعادة حساب الحوافز والبدلات|أحكام بعدم الإختصــــاص|بعدم اختصاصها نوعيا بنظر الدعوى، وأمرت بإحالتها بحالتها إلى محكمة القضاء الإداري بمحافظة كفر الشيخ ـ الدائرة السابعة والسبعون| مصطفى أحمد عبد الفتاح يوسف على
فبراير 2025|1133 لسنة 53 ق|إعادة حساب الحوافز والبدلات|أحكام بعدم الإختصــــاص|بعدم اختصاصها نوعيا بنظر الدعوى، وأمرت بإحالتها بحالتها إلى محكمة القضاء الإداري بمحافظة كفر الشيخ ـ الدائرة السابعة والسبعون| مصطفى أحمد عبد الفتاح يوسف على
فبراير 2025|211 لسنة 53 ق|إعادة حساب الحوافز والبدلات|أحكام بعدم الإختصــــاص|بعدم اختصاصها نوعيا بنظر الدعوى، وأمرت بإحالتها بحالتها إلى محكمة القضاء الإداري بمحافظة كفر الشيخ ـ الدائرة السابعة والسبعون| مصطفى أحمد عبد الفتاح يوسف على
فبراير 2025|968 لسنة 53 ق|إعادة حساب الحوافز والبدلات|أحكام بعدم الإختصــــاص|بعدم اختصاصها نوعيا بنظر الدعوى، وأمرت بإحالتها بحالتها إلى محكمة القضاء الإداري بمحافظة كفر الشيخ ـ الدائرة السابعة والسبعون| مصطفى أحمد عبد الفتاح يوسف على
فبراير 2025|974 لسنة 53 ق|إعادة حساب الحوافز والبدلات|أحكام بعدم الإختصــــاص|بعدم اختصاصها نوعيا بنظر الدعوى، وأمرت بإحالتها بحالتها إلى محكمة القضاء الإداري بمحافظة كفر الشيخ ـ الدائرة السابعة والسبعون| مصطفى أحمد عبد الفتاح يوسف على
فبراير 2025|975 لسنة 53 ق|إعادة حساب الحوافز والبدلات|أحكام بعدم الإختصــــاص|بعدم اختصاصها نوعيا بنظر الدعوى، وأمرت بإحالتها بحالتها إلى محكمة القضاء الإداري بمحافظة كفر الشيخ ـ الدائرة السابعة والسبعون| مصطفى أحمد عبد الفتاح يوسف على
فبراير 2025|976 لسنة 53 ق|إعادة حساب الحوافز والبدلات|أحكام بعدم الإختصــــاص|بعدم اختصاصها نوعيا بنظر الدعوى، وأمرت بإحالتها بحالتها إلى محكمة القضاء الإداري بمحافظة كفر الشيخ ـ الدائرة السابعة والسبعون| مصطفى أحمد عبد الفتاح يوسف على
فبراير 2025|989 لسنة 53 ق|إعادة حساب الحوافز والبدلات|أحكام بعدم الإختصــــاص|بعدم اختصاصها نوعيا بنظر الدعوى، وأمرت بإحالتها بحالتها إلى محكمة القضاء الإداري بمحافظة كفر الشيخ ـ الدائرة السابعة والسبعون| مصطفى أحمد عبد الفتاح يوسف على
مارس 2025|1436 لسنة 53 ق|إعادة حساب الحوافز والبدلات|أحكام بعدم الإختصــــاص|بعدم اختصاصها نوعيا بنظر الدعوى، وأمرت بإحالتها بحالتها إلى محكمة القضاء الإداري بمحافظة كفر الشيخ ـ الدائرة السابعة والسبعون| مصطفى أحمد عبد الفتاح يوسف على
مارس 2025|1438 لسنة 53 ق|إعادة حساب الحوافز والبدلات|أحكام بعدم الإختصــــاص|بعدم اختصاصها نوعيا بنظر الدعوى، وأمرت بإحالتها بحالتها إلى محكمة القضاء الإداري بمحافظة كفر الشيخ ـ الدائرة السابعة والسبعون| مصطفى أحمد عبد الفتاح يوسف على
مارس 2025|1676 لسنة 53 ق|إعادة حساب الحوافز والبدلات|أحكام بعدم الإختصــــاص|بعدم اختصاصها نوعيا بنظر الدعوى، وأمرت بإحالتها بحالتها إلى محكمة القضاء الإداري بمحافظة كفر الشيخ ـ الدائرة السابعة والسبعون| مصطفى أحمد عبد الفتاح يوسف على
مارس 2025|1677 لسنة 53 ق|إعادة حساب الحوافز والبدلات|أحكام بعدم الإختصــــاص|بعدم اختصاصها نوعيا بنظر الدعوى، وأمرت بإحالتها بحالتها إلى محكمة القضاء الإداري بمحافظة كفر الشيخ ـ الدائرة السابعة والسبعون| مصطفى أحمد عبد الفتاح يوسف على
مارس 2025|1679 لسنة 53 ق|إعادة حساب الحوافز والبدلات|أحكام بعدم الإختصــــاص|بعدم اختصاصها نوعيا بنظر الدعوى، وأمرت بإحالتها بحالتها إلى محكمة القضاء الإداري بمحافظة كفر الشيخ ـ الدائرة السابعة والسبعون| مصطفى أحمد عبد الفتاح يوسف على
مارس 2025|1680 لسنة 53 ق|إعادة حساب الحوافز والبدلات|أحكام بعدم الإختصــــاص|بعدم اختصاصها نوعيا بنظر الدعوى، وأمرت بإحالتها بحالتها إلى محكمة القضاء الإداري بمحافظة كفر الشيخ ـ الدائرة السابعة والسبعون| مصطفى أحمد عبد الفتاح يوسف على
مارس 2025|1684 لسنة 53 ق|إعادة حساب الحوافز والبدلات|أحكام بعدم الإختصــــاص|بعدم اختصاصها نوعيا بنظر الدعوى، وأمرت بإحالتها بحالتها إلى محكمة القضاء الإداري بمحافظة كفر الشيخ ـ الدائرة السابعة والسبعون| مصطفى أحمد عبد الفتاح يوسف على
مارس 2025|1685 لسنة 53 ق|إعادة حساب الحوافز والبدلات|أحكام بعدم الإختصــــاص|بعدم اختصاصها نوعيا بنظر الدعوى، وأمرت بإحالتها بحالتها إلى محكمة القضاء الإداري بمحافظة كفر الشيخ ـ الدائرة السابعة والسبعون| مصطفى أحمد عبد الفتاح يوسف على
مارس 2025|1686 لسنة 53 ق|إعادة حساب الحوافز والبدلات|أحكام بعدم الإختصــــاص|بعدم اختصاصها نوعيا بنظر الدعوى، وأمرت بإحالتها بحالتها إلى محكمة القضاء الإداري بمحافظة كفر الشيخ ـ الدائرة السابعة والسبعون| مصطفى أحمد عبد الفتاح يوسف على
مارس 2025|1687 لسنة 53 ق|إعادة حساب الحوافز والبدلات|أحكام بعدم الإختصــــاص|بعدم اختصاصها نوعيا بنظر الدعوى، وأمرت بإحالتها بحالتها إلى محكمة القضاء الإداري بمحافظة كفر الشيخ ـ الدائرة السابعة والسبعون| مصطفى أحمد عبد الفتاح يوسف على
مارس 2025|1688 لسنة 53 ق|إعادة حساب الحوافز والبدلات|أحكام بعدم الإختصــــاص|بعدم اختصاصها نوعيا بنظر الدعوى، وأمرت بإحالتها بحالتها إلى محكمة القضاء الإداري بمحافظة كفر الشيخ ـ الدائرة السابعة والسبعون| مصطفى أحمد عبد الفتاح يوسف على
مارس 2025|1689 لسنة 53 ق|إعادة حساب الحوافز والبدلات|أحكام بعدم الإختصــــاص|بعدم اختصاصها نوعيا بنظر الدعوى، وأمرت بإحالتها بحالتها إلى محكمة القضاء الإداري بمحافظة كفر الشيخ ـ الدائرة السابعة والسبعون| مصطفى أحمد عبد الفتاح يوسف على
مارس 2025|1699 لسنة 53 ق|إعادة حساب الحوافز والبدلات|أحكام بعدم الإختصــــاص|بعدم اختصاصها نوعيا بنظر الدعوى، وأمرت بإحالتها بحالتها إلى محكمة القضاء الإداري بمحافظة كفر الشيخ ـ الدائرة السابعة والسبعون| مصطفى أحمد عبد الفتاح يوسف على
مارس 2025|1700 لسنة 53 ق|إعادة حساب الحوافز والبدلات|أحكام بعدم الإختصــــاص|بعدم اختصاصها نوعيا بنظر الدعوى، وأمرت بإحالتها بحالتها إلى محكمة القضاء الإداري بمحافظة كفر الشيخ ـ الدائرة السابعة والسبعون| مصطفى أحمد عبد الفتاح يوسف على
مارس 2025|1875 لسنة 53 ق|إعادة حساب الحوافز والبدلات|أحكام بعدم الإختصــــاص|بعدم اختصاصها نوعيا بنظر الدعوى، وأمرت بإحالتها بحالتها إلى محكمة القضاء الإداري بمحافظة كفر الشيخ ـ الدائرة السابعة والسبعون| مصطفى أحمد عبد الفتاح يوسف على
مارس 2025|1876 لسنة 53 ق|إعادة حساب الحوافز والبدلات|أحكام بعدم الإختصــــاص|بعدم اختصاصها نوعيا بنظر الدعوى، وأمرت بإحالتها بحالتها إلى محكمة القضاء الإداري بمحافظة كفر الشيخ ـ الدائرة السابعة والسبعون| مصطفى أحمد عبد الفتاح يوسف على
مارس 2025|1877 لسنة 53 ق|إعادة حساب الحوافز والبدلات|أحكام بعدم الإختصــــاص|بعدم اختصاصها نوعيا بنظر الدعوى، وأمرت بإحالتها بحالتها إلى محكمة القضاء الإداري بمحافظة كفر الشيخ ـ الدائرة السابعة والسبعون| مصطفى أحمد عبد الفتاح يوسف على
مارس 2025|1923 لسنة 53 ق|إعادة حساب الحوافز والبدلات|أحكام بعدم الإختصــــاص|بعدم اختصاصها نوعيا بنظر الدعوى، وأمرت بإحالتها بحالتها إلى محكمة القضاء الإداري بمحافظة كفر الشيخ ـ الدائرة السابعة والسبعون| مصطفى أحمد عبد الفتاح يوسف على
مايو 2025|2348 لسنة 53 ق|إعادة حساب الحوافز والبدلات|أحكام بعدم الإختصــــاص|بعدم اختصاصها نوعيا بنظر الدعوى، وأمرت بإحالتها بحالتها إلى محكمة القضاء الإداري بمحافظة كفر الشيخ ـ الدائرة السابعة والسبعون| مصطفى أحمد عبد الفتاح يوسف على
مايو 2025|2349 لسنة 53 ق|إعادة حساب الحوافز والبدلات|أحكام بعدم الإختصــــاص|بعدم اختصاصها نوعيا بنظر الدعوى، وأمرت بإحالتها بحالتها إلى محكمة القضاء الإداري بمحافظة كفر الشيخ ـ الدائرة السابعة والسبعون| مصطفى أحمد عبد الفتاح يوسف على
مايو 2025|2351 لسنة 53 ق|إعادة حساب الحوافز والبدلات|أحكام بعدم الإختصــــاص|بعدم اختصاصها نوعيا بنظر الدعوى، وأمرت بإحالتها بحالتها إلى محكمة القضاء الإداري بمحافظة كفر الشيخ ـ الدائرة السابعة والسبعون| مصطفى أحمد عبد الفتاح يوسف على
مايو 2025|2352 لسنة 53 ق|إعادة حساب الحوافز والبدلات|أحكام بعدم الإختصــــاص|بعدم اختصاصها نوعيا بنظر الدعوى، وأمرت بإحالتها بحالتها إلى محكمة القضاء الإداري بمحافظة كفر الشيخ ـ الدائرة السابعة والسبعون| مصطفى أحمد عبد الفتاح يوسف على
إبريل 2025|1970 لسنة 53 ق|إعادة حساب الحوافز والبدلات|أحكام بعدم الإختصــــاص|بعدم اختصاصها نوعيا بنظر الدعوى، وأمرت بإحالتها بحالتها إلى محكمة القضاء الإداري بمحافظة كفر الشيخ ـ الدائرة السابعة والسبعون| مصطفى أحمد عبد الفتاح يوسف على
إبريل 2025|2163 لسنة 53 ق|إعادة حساب الحوافز والبدلات|أحكام بعدم الإختصــــاص|بعدم اختصاصها نوعيا بنظر الدعوى، وأمرت بإحالتها بحالتها إلى محكمة القضاء الإداري بمحافظة كفر الشيخ ـ الدائرة السابعة والسبعون| مصطفى أحمد عبد الفتاح يوسف على
إبريل 2025|2166 لسنة 53 ق|إعادة حساب الحوافز والبدلات|أحكام بعدم الإختصــــاص|بعدم اختصاصها نوعيا بنظر الدعوى، وأمرت بإحالتها بحالتها إلى محكمة القضاء الإداري بمحافظة كفر الشيخ ـ الدائرة السابعة والسبعون| مصطفى أحمد عبد الفتاح يوسف على
إبريل 2025|2167 لسنة 53 ق|إعادة حساب الحوافز والبدلات|أحكام بعدم الإختصــــاص|بعدم اختصاصها نوعيا بنظر الدعوى، وأمرت بإحالتها بحالتها إلى محكمة القضاء الإداري بمحافظة كفر الشيخ ـ الدائرة السابعة والسبعون| مصطفى أحمد عبد الفتاح يوسف على
إبريل 2025|2168 لسنة 53 ق|إعادة حساب الحوافز والبدلات|أحكام بعدم الإختصــــاص|بعدم اختصاصها نوعيا بنظر الدعوى، وأمرت بإحالتها بحالتها إلى محكمة القضاء الإداري بمحافظة كفر الشيخ ـ الدائرة السابعة والسبعون| مصطفى أحمد عبد الفتاح يوسف على
إبريل 2025|2169 لسنة 53 ق|إعادة حساب الحوافز والبدلات|أحكام بعدم الإختصــــاص|بعدم اختصاصها نوعيا بنظر الدعوى، وأمرت بإحالتها بحالتها إلى محكمة القضاء الإداري بمحافظة كفر الشيخ ـ الدائرة السابعة والسبعون| مصطفى أحمد عبد الفتاح يوسف على
إبريل 2025|2179 لسنة 53 ق|إعادة حساب الحوافز والبدلات|أحكام بعدم الإختصــــاص|بعدم اختصاصها نوعيا بنظر الدعوى، وأمرت بإحالتها بحالتها إلى محكمة القضاء الإداري بمحافظة كفر الشيخ ـ الدائرة السابعة والسبعون| مصطفى أحمد عبد الفتاح يوسف على
إبريل 2025|2181 لسنة 53 ق|إعادة حساب الحوافز والبدلات|أحكام بعدم الإختصــــاص|بعدم اختصاصها نوعيا بنظر الدعوى، وأمرت بإحالتها بحالتها إلى محكمة القضاء الإداري بمحافظة كفر الشيخ ـ الدائرة السابعة والسبعون| مصطفى أحمد عبد الفتاح يوسف على
إبريل 2025|2187 لسنة 53 ق|إعادة حساب الحوافز والبدلات|أحكام بعدم الإختصــــاص|بعدم اختصاصها نوعيا بنظر الدعوى، وأمرت بإحالتها بحالتها إلى محكمة القضاء الإداري بمحافظة كفر الشيخ ـ الدائرة السابعة والسبعون| مصطفى أحمد عبد الفتاح يوسف على
إبريل 2025|2241 لسنة 53 ق|إعادة حساب الحوافز والبدلات|أحكام بعدم الإختصــــاص|بعدم اختصاصها نوعيا بنظر الدعوى، وأمرت بإحالتها بحالتها إلى محكمة القضاء الإداري بمحافظة كفر الشيخ ـ الدائرة السابعة والسبعون| مصطفى أحمد عبد الفتاح يوسف على
نوفمبر 2024|11798 لسنة 52 ق|إعادة حساب الحوافز والبدلات|أحكام بعدم الإختصــــاص|بعدم اختصاصها نوعيا بنظر الدعوى، وأمرت بإحالتها بحالتها إلى محكمة القضاء الإداري بمحافظة كفر الشيخ ـ الدائرة السابعة والسبعون| مصطفى أحمد عبد الفتاح يوسف على
يناير 2025|8399 لسنة 52 ق|إعادة التعيين بالمؤهل الأعلى.|أحكام بالرفض|بقبول الدعوي شكلًا ،ـ ورفضـــــــــــــها موضوعًا.| مصطفى أحمد عبد الفتاح يوسف على
يونيو 2025|2453 لسنة 53 ق|،وثالثا: في الموضوع بإلغاء القرار المطعون فيه مع ما يترتب على ذلك من آثار ،وإلزام جهة الادارة المصروفات . وذكر المدعي شرحا لدعواه أنه يعمل بالوحدة المحلية لمركز ومدينة بلطيمبكفر الشيخ،وفوجئ بصدور قرار بنقله من وظيفته بقسم الموارد البشرية بالوحدة المحلية لمركز ومدينة بلطيمبكفر الشيخ إلىالإدارة العامةلمرور كفر الشيخ ، الأمر الذى حدا به إلى إقامة دعواه بالطلبات سالفة البيان. وأرفق الحاضر عن المدعي ـ سندا لدعواه ـ حافظة مستندات أشتملت على المستندات المعلاة على غلافها. وقد جرى تحضير الدعوى بهيئة مفوضي الدولة على النحو الثابت بمحاضر جلساتها ،وخلالها قدم الحاضر عن المدعي حافظتي مستندات اشتملتا على المستندات المعلاة على غلافهما، و مذكرة دفاع، ثم أعدت الهيئة تقريرا مسببا برأيها القانوني فيها. وحيث تدوولت الدعوى أمام هيئة المحكمة على النحو الثابت بمحاضر جلساتها، وبجلسة --- المحكمــة --- بعد الاطلاع على الأوراق، وسماع الإيضاحات، والمداولة قانونا. وحيث إن المدعي يطلب الحكم بطلباته سالفة البيان. ومن حيث إن قضاء المحكمة الإدارية العليا مستقر علي أن البحث في الاختصاص يسبق الفصل في الشكل والموضوع وأن الدفع بعدم الاختصاص يعتبر مطروحا على المحكمة، ولو لم يتمسك به أحد الخصوم لتعلقه بالنظام العام. (حكم المحكمة الإدارية العليا في الطعن رقم ومن حيث إن المادة ( وتنص المادة ( وتنص المادة ( الوقائع ومن حيث إن مفاد ما تقدم أن توزيع الاختصاص بين محكمة القضاء الإداري والمحاكم الإدارية بالنسبة للموظفين العموميين يقوم على أساس المستوى الوظيفي للعامل بحيث تختص محكمة القضاء الإداري بالمنازعات المتعلقة بالمستوى الوظيفي الأول والذي يعادل الدرجة الثانية وما يعلوها، بينما تختص المحاكم الإدارية بالمنازعات المتعلقة بالمستويين الثاني والثالث وهو ما يعادل الدرجة الثالثة فما دونها . وترتيبا على ما تقدم، ولما كان الثابت من الأوراق أن المدعي يعمل بالجهة الإدارية المدعى عليها ويشغل الدرجة الثانية، ومن ثم تكون هذه المحكمة غير مختصة بنظر الدعوى الماثلة، وينعقد الاختصاص بنظرها لمحكمة القضاء الإداري بمحافظة كفر الشيخ ـ الدائرة السادسة والسبعين، الأمر الذي لا مناص معه من الحكم بعدم اختصاص هذه المحكمة نوعيا بنظر الدعوى الماثلة وإحالتها بحالتها إلى المحكمة المشار إليها للاختصاص عملا بحكم المادة (|أحكام بعدم الإختصــــاص|بعدم إختصاصها نوعيا بنظر الدعوى، وأمرت بإحالتها بحالتها إلى محكمة القضاء الإداري بمحافظة كفر الشيخ ـ الدائرة السادسة والسبعين- للإختصاص ،وأبقت الفصل في المصروفات. صدر هذا الحكم وتلي علنا بالجلسة المنعقدة يوم الأحد الموافق| مصطفى أحمد عبد الفتاح يوسف على
أغسطس-25|2613 لسنة 53 ق|غير محدد|غير محدد|غير محدد| مصطفى أحمد عبد الفتاح يوسف على
أغسطس-25|2792 لسنة 53 ق|غير محدد|غير محدد|غير محدد| مصطفى أحمد عبد الفتاح يوسف على
أغسطس-25|2851 لسنة 52 ق|غير محدد|غير محدد|غير محدد| مصطفى أحمد عبد الفتاح يوسف على
أغسطس-25|2894 لسنة 53 ق|غير محدد|غير محدد|غير محدد| مصطفى أحمد عبد الفتاح يوسف على
أغسطس-25|2991 لسنة 53 ق|غير محدد|غير محدد|غير محدد| مصطفى أحمد عبد الفتاح يوسف على
أغسطس-25|3020 لسنة 53 ق|غير محدد|غير محدد|غير محدد| مصطفى أحمد عبد الفتاح يوسف على
أغسطس-25|3021 لسنة 53 ق|غير محدد|غير محدد|غير محدد| مصطفى أحمد عبد الفتاح يوسف على
أغسطس-25|3082 لسنة 53 ق|غير محدد|غير محدد|غير محدد| مصطفى أحمد عبد الفتاح يوسف على
أغسطس-25|3112 لسنة 53 ق|غير محدد|غير محدد|غير محدد| مصطفى أحمد عبد الفتاح يوسف على
أغسطس-25|3133 لسنة 53 ق|غير محدد|غير محدد|غير محدد| مصطفى أحمد عبد الفتاح يوسف على
أغسطس-25|3134 لسنة 53 ق|غير محدد|غير محدد|غير محدد| مصطفى أحمد عبد الفتاح يوسف على
أغسطس-25|3135 لسنة 53 ق|غير محدد|غير محدد|غير محدد| مصطفى أحمد عبد الفتاح يوسف على
أغسطس-25|3168 لسنة 53 ق|غير محدد|غير محدد|غير محدد| مصطفى أحمد عبد الفتاح يوسف على
أغسطس-25|6630 لسنة 52 ق|غير محدد|غير محدد|غير محدد| مصطفى أحمد عبد الفتاح يوسف على
أغسطس-25|888 لسنة 52 ق|غير محدد|غير محدد|غير محدد| مصطفى أحمد عبد الفتاح يوسف على
أغسطس-25|57 لسنة 52 ق|غير محدد|غير محدد|غير محدد| مصطفى أحمد عبد الفتاح يوسف على
|||||
|||||
|||||
|||||
